name,email,address,phone_number,monthly_income
Supermercados Fahsen,bellbrian@example.org,17497 Bobby Hills,34490809,34357
FIHCA S.A,ryankevin@example.org,3909 Mcconnell Corners Suite 808,45429212,17866
Lavander�as Lara,santoserin@example.net,58056 James Fords Suite 591,12318815,35551
Kinotipedia,wrobinson@example.org,6020 Wolf Roads Suite 664,28219532,43656
Fertilizantes Mayafer,brianwhitaker@example.com,12079 Dixon Viaduct Suite 956,73572025,62537
Ferreter�as Coronado,econley@example.com,835 Robertson Overpass,18324411,24019
Salsas Don Justo,donalddelacruz@example.com,5826 David Throughway Suite 137,46402947,58323
Q&A,monicalewis@example.com,1909 Johns Spurs Suite 991,69888478,88813
Productos Toledo,brandon86@example.net,845 Stephanie Walk,24243570,83366
HH,jacob94@example.org,46218 David Corner Suite 392,52615774,55824
Repuestos Aioli,andreamack@example.com,8921 Kevin Creek Suite 382,35814420,72525
Socios S.A.,danielle27@example.com,76443 Brenda Lakes,61551645,80789
Muebles El Roble,deanemma@example.org,9231 Hunt Mountain,18985356,30373
Farmacias Andoni-Mazza,amy68@example.net,6915 Christopher Ford,24787214,79674
EPA,petergross@example.net,60680 Dean Neck,74374796,84580
Farmacias R&R,hsmith@example.net,627 Leslie Port Apt. 332,60936672,68045
Repuestos Acquoni,emack@example.com,87661 Butler Vista,49692730,50436
Distribuidora Mariscal,combsrodney@example.net,9267 Sharon Islands Apt. 519,57393261,10887
Antillon,hoopersamantha@example.net,4231 Carolyn Overpass,86652612,90263
Cemaco,santanajade@example.com,8857 Russell Place,60679918,93737
