id,description,date,account_number,transaction_type
1,Deteccion de posible fraude,2010-01-06,2607913991,withdrawal
2,Deteccion de posible fraude,2010-01-24,3080026077,deposit
3,Deteccion de posible fraude,2010-02-10,2683821281,deposit
4,Deteccion de posible fraude,2010-02-10,3547721851,withdrawal
5,Deteccion de posible fraude,2010-03-12,8848410161,deposit
6,Deteccion de posible fraude,2010-03-19,8519713340,withdrawal
7,Deteccion de posible fraude,2010-03-28,5672731891,withdrawal
8,Deteccion de posible fraude,2010-03-31,3572998580,deposit
9,Deteccion de posible fraude,2010-04-09,3812300296,deposit
10,Deteccion de posible fraude,2010-04-19,3862515556,withdrawal
11,Deteccion de posible fraude,2010-04-25,5576006336,deposit
12,Deteccion de posible fraude,2010-04-30,3076397571,deposit
13,Deteccion de posible fraude,2010-05-05,1101864987,withdrawal
14,Deteccion de posible fraude,2010-05-07,3900766318,deposit
15,Deteccion de posible fraude,2010-05-08,2688551832,deposit
16,Deteccion de posible fraude,2010-05-26,5504863920,deposit
17,Deteccion de posible fraude,2010-05-30,2921599387,withdrawal
18,Deteccion de posible fraude,2010-06-11,6148807003,withdrawal
19,Deteccion de posible fraude,2010-06-14,5576006336,withdrawal
20,Deteccion de posible fraude,2010-07-05,4758226269,deposit
21,Deteccion de posible fraude,2010-07-06,1424348428,deposit
22,Deteccion de posible fraude,2010-07-13,4284813609,withdrawal
23,Deteccion de posible fraude,2010-08-21,1381760305,deposit
24,Deteccion de posible fraude,2010-09-04,1862678255,withdrawal
25,Deteccion de posible fraude,2010-09-14,5293709164,deposit
26,Deteccion de posible fraude,2010-09-21,3182481739,deposit
27,Deteccion de posible fraude,2010-10-03,8886494438,withdrawal
28,Deteccion de posible fraude,2010-10-10,5381989319,deposit
29,Deteccion de posible fraude,2010-10-19,6251999873,withdrawal
30,Deteccion de posible fraude,2010-10-24,3178719911,withdrawal
31,Deteccion de posible fraude,2010-11-09,2147693778,withdrawal
32,Deteccion de posible fraude,2010-11-10,5361934797,deposit
33,Deteccion de posible fraude,2010-11-13,6242102296,withdrawal
34,Deteccion de posible fraude,2010-12-01,5312383084,deposit
35,Deteccion de posible fraude,2010-12-05,7610753894,withdrawal
36,Deteccion de posible fraude,2010-12-10,3732860743,withdrawal
37,Deteccion de posible fraude,2010-12-13,4246401940,withdrawal
38,Deteccion de posible fraude,2010-12-14,7764084030,deposit
39,Deteccion de posible fraude,2010-12-14,7894279941,deposit
40,Deteccion de posible fraude,2010-12-22,2208265245,deposit
41,Deteccion de posible fraude,2010-12-25,6070113245,deposit
42,Deteccion de posible fraude,2011-01-06,5421559103,deposit
43,Deteccion de posible fraude,2011-01-20,4089503518,deposit
44,Deteccion de posible fraude,2011-01-22,6658325011,deposit
45,Deteccion de posible fraude,2011-02-02,7128769556,deposit
46,Deteccion de posible fraude,2011-02-10,7684485747,deposit
47,Deteccion de posible fraude,2011-02-11,8885184528,withdrawal
48,Deteccion de posible fraude,2011-02-18,6619281649,deposit
49,Deteccion de posible fraude,2011-04-08,8287911659,deposit
50,Deteccion de posible fraude,2011-04-13,8261408829,deposit
51,Deteccion de posible fraude,2011-05-26,8672615356,withdrawal
52,Deteccion de posible fraude,2011-05-27,8583414241,deposit
53,Deteccion de posible fraude,2011-06-04,7406107563,deposit
54,Deteccion de posible fraude,2011-06-13,8729178794,deposit
55,Deteccion de posible fraude,2011-06-27,2192894262,withdrawal
56,Deteccion de posible fraude,2011-07-15,4775892124,withdrawal
57,Deteccion de posible fraude,2011-08-20,8219207633,deposit
58,Deteccion de posible fraude,2011-08-27,8310268136,withdrawal
59,Deteccion de posible fraude,2011-09-29,5504863920,deposit
60,Deteccion de posible fraude,2011-10-13,3089528121,withdrawal
61,Deteccion de posible fraude,2011-10-19,4557038585,withdrawal
62,Deteccion de posible fraude,2011-10-30,4708473355,deposit
63,Deteccion de posible fraude,2011-11-09,8443622778,deposit
64,Deteccion de posible fraude,2011-11-27,4536248937,deposit
65,Deteccion de posible fraude,2011-11-28,7870525348,deposit
66,Deteccion de posible fraude,2011-12-20,3814996342,deposit
67,Deteccion de posible fraude,2012-01-02,7128769556,withdrawal
68,Deteccion de posible fraude,2012-01-03,4792437257,deposit
69,Deteccion de posible fraude,2012-02-19,2574503557,deposit
70,Deteccion de posible fraude,2012-03-02,4279735223,deposit
71,Deteccion de posible fraude,2012-03-03,4018471807,deposit
72,Deteccion de posible fraude,2012-03-10,5421559103,deposit
73,Deteccion de posible fraude,2012-03-18,5111817306,withdrawal
74,Deteccion de posible fraude,2012-03-19,3182263596,deposit
75,Deteccion de posible fraude,2012-03-28,1406384366,deposit
76,Deteccion de posible fraude,2012-03-31,5638079586,deposit
77,Deteccion de posible fraude,2012-04-22,6121531744,withdrawal
78,Deteccion de posible fraude,2012-04-25,7632128785,withdrawal
79,Deteccion de posible fraude,2012-05-10,2120608277,deposit
80,Deteccion de posible fraude,2012-05-12,2273084850,deposit
81,Deteccion de posible fraude,2012-05-29,5199387920,withdrawal
82,Deteccion de posible fraude,2012-06-11,7994179989,deposit
83,Deteccion de posible fraude,2012-06-13,1487832167,deposit
84,Deteccion de posible fraude,2012-06-16,7763666554,deposit
85,Deteccion de posible fraude,2012-06-21,2485014294,withdrawal
86,Deteccion de posible fraude,2012-07-03,8984922973,withdrawal
87,Deteccion de posible fraude,2012-07-11,8756807683,deposit
88,Deteccion de posible fraude,2012-07-13,7944894153,withdrawal
89,Deteccion de posible fraude,2012-07-14,5424098145,deposit
90,Deteccion de posible fraude,2012-07-20,3584503032,deposit
91,Deteccion de posible fraude,2012-08-17,1305960316,withdrawal
92,Deteccion de posible fraude,2012-08-20,1188775025,deposit
93,Deteccion de posible fraude,2012-08-21,4035546522,withdrawal
94,Deteccion de posible fraude,2012-08-24,3564620486,deposit
95,Deteccion de posible fraude,2012-08-26,2905172964,withdrawal
96,Deteccion de posible fraude,2012-09-09,7245977970,deposit
97,Deteccion de posible fraude,2012-09-11,3617614900,deposit
98,Deteccion de posible fraude,2012-09-27,5926565290,withdrawal
99,Deteccion de posible fraude,2012-09-28,2989949887,withdrawal
100,Deteccion de posible fraude,2012-10-02,6413750800,withdrawal
101,Deteccion de posible fraude,2012-10-05,8904332729,withdrawal
102,Deteccion de posible fraude,2012-10-07,3900766318,withdrawal
103,Deteccion de posible fraude,2012-10-07,6960635100,withdrawal
104,Deteccion de posible fraude,2012-10-08,2607913991,deposit
105,Deteccion de posible fraude,2012-10-08,6893123826,deposit
106,Deteccion de posible fraude,2012-10-27,8346691179,withdrawal
107,Deteccion de posible fraude,2012-11-01,2070322224,deposit
108,Deteccion de posible fraude,2012-11-06,1888846574,withdrawal
109,Deteccion de posible fraude,2012-11-06,4136268480,withdrawal
110,Deteccion de posible fraude,2012-11-20,8402212488,withdrawal
111,Deteccion de posible fraude,2012-11-24,7968768298,withdrawal
112,Deteccion de posible fraude,2012-11-25,1600106436,deposit
113,Deteccion de posible fraude,2012-11-30,3844920654,withdrawal
114,Deteccion de posible fraude,2012-12-02,8124925768,deposit
115,Deteccion de posible fraude,2012-12-08,8373884760,withdrawal
116,Deteccion de posible fraude,2012-12-10,5294911865,withdrawal
117,Deteccion de posible fraude,2012-12-12,4668966593,withdrawal
118,Deteccion de posible fraude,2012-12-22,8662790794,withdrawal
119,Deteccion de posible fraude,2013-01-09,1283807416,deposit
120,Deteccion de posible fraude,2013-01-30,6473621604,deposit
121,Deteccion de posible fraude,2013-02-02,3690065682,withdrawal
122,Deteccion de posible fraude,2013-02-06,4166516190,deposit
123,Deteccion de posible fraude,2013-02-11,1202863168,withdrawal
124,Deteccion de posible fraude,2013-02-17,4120499886,deposit
125,Deteccion de posible fraude,2013-03-03,8001546736,deposit
126,Deteccion de posible fraude,2013-03-07,4207621095,withdrawal
127,Deteccion de posible fraude,2013-03-13,6124139066,withdrawal
128,Deteccion de posible fraude,2013-03-18,8614254527,withdrawal
129,Deteccion de posible fraude,2013-03-23,6649261728,withdrawal
130,Deteccion de posible fraude,2013-03-25,2666155317,withdrawal
131,Deteccion de posible fraude,2013-04-03,1240295080,withdrawal
132,Deteccion de posible fraude,2013-04-25,5760725174,withdrawal
133,Deteccion de posible fraude,2013-04-27,3697054093,withdrawal
134,Deteccion de posible fraude,2013-05-07,7533154811,deposit
135,Deteccion de posible fraude,2013-06-10,1280569655,deposit
136,Deteccion de posible fraude,2013-06-11,4279735223,withdrawal
137,Deteccion de posible fraude,2013-06-14,8219207633,deposit
138,Deteccion de posible fraude,2013-06-24,8979992914,withdrawal
139,Deteccion de posible fraude,2013-07-01,4479355662,withdrawal
140,Deteccion de posible fraude,2013-07-04,5131857569,deposit
141,Deteccion de posible fraude,2013-07-06,7126291288,withdrawal
142,Deteccion de posible fraude,2013-07-08,2878620971,deposit
143,Deteccion de posible fraude,2013-07-11,1862678255,deposit
144,Deteccion de posible fraude,2013-07-13,7707014363,withdrawal
145,Deteccion de posible fraude,2013-08-03,1424808361,withdrawal
146,Deteccion de posible fraude,2013-08-03,5030478342,withdrawal
147,Deteccion de posible fraude,2013-08-07,5841378516,withdrawal
148,Deteccion de posible fraude,2013-08-14,6427768968,deposit
149,Deteccion de posible fraude,2013-08-23,6437943662,withdrawal
150,Deteccion de posible fraude,2013-08-27,3542374309,withdrawal
151,Deteccion de posible fraude,2013-09-04,7395612674,deposit
152,Deteccion de posible fraude,2013-09-07,1660353317,withdrawal
153,Deteccion de posible fraude,2013-09-13,2905172964,deposit
154,Deteccion de posible fraude,2013-09-30,1304071846,deposit
155,Deteccion de posible fraude,2013-10-02,6608664131,withdrawal
156,Deteccion de posible fraude,2013-10-10,3216869927,deposit
157,Deteccion de posible fraude,2013-10-15,1704139804,deposit
158,Deteccion de posible fraude,2013-10-19,6811348155,withdrawal
159,Deteccion de posible fraude,2013-10-26,3938415766,withdrawal
160,Deteccion de posible fraude,2013-10-29,4536248937,withdrawal
161,Deteccion de posible fraude,2013-12-02,2751327416,withdrawal
162,Deteccion de posible fraude,2013-12-17,1882188080,withdrawal
163,Deteccion de posible fraude,2014-01-11,4671648921,withdrawal
164,Deteccion de posible fraude,2014-01-14,4758093452,withdrawal
165,Deteccion de posible fraude,2014-01-14,7763666554,deposit
166,Deteccion de posible fraude,2014-01-26,6137844230,withdrawal
167,Deteccion de posible fraude,2014-02-02,7275964756,withdrawal
168,Deteccion de posible fraude,2014-02-03,7610753894,deposit
169,Deteccion de posible fraude,2014-02-19,8668253199,withdrawal
170,Deteccion de posible fraude,2014-02-28,6378366585,withdrawal
171,Deteccion de posible fraude,2014-02-28,8766492935,deposit
172,Deteccion de posible fraude,2014-03-09,5421559103,withdrawal
173,Deteccion de posible fraude,2014-03-13,5544915510,withdrawal
174,Deteccion de posible fraude,2014-03-22,3182263596,withdrawal
175,Deteccion de posible fraude,2014-03-29,2295476036,withdrawal
176,Deteccion de posible fraude,2014-04-13,3632843934,withdrawal
177,Deteccion de posible fraude,2014-04-13,7421656340,deposit
178,Deteccion de posible fraude,2014-04-18,6630705646,deposit
179,Deteccion de posible fraude,2014-05-02,6207254867,deposit
180,Deteccion de posible fraude,2014-05-08,4599839168,withdrawal
181,Deteccion de posible fraude,2014-05-12,2425891687,deposit
182,Deteccion de posible fraude,2014-05-25,2970393823,withdrawal
183,Deteccion de posible fraude,2014-05-30,6051335287,withdrawal
184,Deteccion de posible fraude,2014-06-03,5282236299,deposit
185,Deteccion de posible fraude,2014-06-12,3377833980,deposit
186,Deteccion de posible fraude,2014-06-16,3073379745,withdrawal
187,Deteccion de posible fraude,2014-07-06,1933197752,deposit
188,Deteccion de posible fraude,2014-07-15,1458227101,withdrawal
189,Deteccion de posible fraude,2014-07-15,3617614900,withdrawal
190,Deteccion de posible fraude,2014-07-23,4102813014,withdrawal
191,Deteccion de posible fraude,2014-08-11,5651465696,deposit
192,Deteccion de posible fraude,2014-08-16,8762235733,withdrawal
193,Deteccion de posible fraude,2014-08-22,2929454858,withdrawal
194,Deteccion de posible fraude,2014-08-30,2843245830,withdrawal
195,Deteccion de posible fraude,2014-10-06,7816200684,withdrawal
196,Deteccion de posible fraude,2014-10-16,6806400144,deposit
197,Deteccion de posible fraude,2014-10-18,3348402886,withdrawal
198,Deteccion de posible fraude,2014-10-27,3690065682,deposit
199,Deteccion de posible fraude,2014-11-12,1752660581,withdrawal
200,Deteccion de posible fraude,2014-11-18,1996562716,withdrawal
201,Deteccion de posible fraude,2014-12-10,1449933427,withdrawal
202,Deteccion de posible fraude,2014-12-20,8766492935,withdrawal
203,Deteccion de posible fraude,2015-01-01,5282236299,deposit
204,Deteccion de posible fraude,2015-02-13,2142560441,withdrawal
205,Deteccion de posible fraude,2015-02-13,8073352479,deposit
206,Deteccion de posible fraude,2015-03-01,7265216738,deposit
207,Deteccion de posible fraude,2015-03-05,1592332100,withdrawal
208,Deteccion de posible fraude,2015-03-16,3000096695,withdrawal
209,Deteccion de posible fraude,2015-03-29,3334466583,withdrawal
210,Deteccion de posible fraude,2015-04-01,5320172061,withdrawal
211,Deteccion de posible fraude,2015-04-03,6209295227,withdrawal
212,Deteccion de posible fraude,2015-04-04,6124139066,deposit
213,Deteccion de posible fraude,2015-04-12,6645164562,deposit
214,Deteccion de posible fraude,2015-04-17,6776272547,deposit
215,Deteccion de posible fraude,2015-05-12,2574503557,withdrawal
216,Deteccion de posible fraude,2015-05-25,4403147864,withdrawal
217,Deteccion de posible fraude,2015-05-30,2950496277,deposit
218,Deteccion de posible fraude,2015-06-13,6208171240,deposit
219,Deteccion de posible fraude,2015-06-20,8830911891,deposit
220,Deteccion de posible fraude,2015-07-02,8143773639,deposit
221,Deteccion de posible fraude,2015-07-04,7581197279,deposit
222,Deteccion de posible fraude,2015-08-03,1704139804,deposit
223,Deteccion de posible fraude,2015-08-03,8745831173,withdrawal
224,Deteccion de posible fraude,2015-08-03,8968761754,deposit
225,Deteccion de posible fraude,2015-08-09,1406384366,deposit
226,Deteccion de posible fraude,2015-09-22,4855214662,withdrawal
227,Deteccion de posible fraude,2015-10-11,3146473147,deposit
228,Deteccion de posible fraude,2015-11-04,3572998580,withdrawal
229,Deteccion de posible fraude,2015-11-04,4339999243,deposit
230,Deteccion de posible fraude,2015-11-05,5077398520,withdrawal
231,Deteccion de posible fraude,2015-11-25,5328697431,withdrawal
232,Deteccion de posible fraude,2015-11-28,2275663963,deposit
233,Deteccion de posible fraude,2015-11-29,2074820043,withdrawal
234,Deteccion de posible fraude,2015-12-22,7499646580,deposit
235,Deteccion de posible fraude,2016-01-06,5320172061,deposit
236,Deteccion de posible fraude,2016-01-26,2356072450,deposit
237,Deteccion de posible fraude,2016-01-30,4630223960,deposit
238,Deteccion de posible fraude,2016-02-09,1862678255,deposit
239,Deteccion de posible fraude,2016-02-17,4120499886,withdrawal
240,Deteccion de posible fraude,2016-03-09,2751327416,deposit
241,Deteccion de posible fraude,2016-03-19,5024477627,withdrawal
242,Deteccion de posible fraude,2016-03-29,8586653426,deposit
243,Deteccion de posible fraude,2016-04-13,4649669249,withdrawal
244,Deteccion de posible fraude,2016-04-27,4524675358,withdrawal
245,Deteccion de posible fraude,2016-05-07,1283807416,deposit
246,Deteccion de posible fraude,2016-05-11,7687080286,deposit
247,Deteccion de posible fraude,2016-05-12,2150417554,deposit
248,Deteccion de posible fraude,2016-05-16,7058582980,withdrawal
249,Deteccion de posible fraude,2016-05-24,7289232505,deposit
250,Deteccion de posible fraude,2016-05-27,4630223960,deposit
251,Deteccion de posible fraude,2016-06-03,8764934067,withdrawal
252,Deteccion de posible fraude,2016-06-10,4102813014,deposit
253,Deteccion de posible fraude,2016-06-10,4339999243,withdrawal
254,Deteccion de posible fraude,2016-06-16,8984008940,withdrawal
255,Deteccion de posible fraude,2016-06-20,5442502750,withdrawal
256,Deteccion de posible fraude,2016-06-21,5375885074,withdrawal
257,Deteccion de posible fraude,2016-07-02,4722745392,withdrawal
258,Deteccion de posible fraude,2016-07-09,1752660581,deposit
259,Deteccion de posible fraude,2016-07-23,7684485747,withdrawal
260,Deteccion de posible fraude,2016-08-02,6469794576,deposit
261,Deteccion de posible fraude,2016-08-23,4905694907,deposit
262,Deteccion de posible fraude,2016-09-05,8016401540,withdrawal
263,Deteccion de posible fraude,2016-09-28,7245977970,deposit
264,Deteccion de posible fraude,2016-10-05,5034648195,deposit
265,Deteccion de posible fraude,2016-11-01,3319231634,withdrawal
266,Deteccion de posible fraude,2016-11-09,3073379745,deposit
267,Deteccion de posible fraude,2016-11-14,7227301728,withdrawal
268,Deteccion de posible fraude,2016-11-17,8133093271,deposit
269,Deteccion de posible fraude,2016-11-21,1882188080,deposit
270,Deteccion de posible fraude,2016-12-10,6218258227,deposit
271,Deteccion de posible fraude,2016-12-14,2102184520,withdrawal
272,Deteccion de posible fraude,2017-01-15,2904090037,deposit
273,Deteccion de posible fraude,2017-02-14,7861178486,withdrawal
274,Deteccion de posible fraude,2017-02-17,5013766562,deposit
275,Deteccion de posible fraude,2017-02-23,5277340463,withdrawal
276,Deteccion de posible fraude,2017-02-26,8244294816,withdrawal
277,Deteccion de posible fraude,2017-03-07,5289444299,withdrawal
278,Deteccion de posible fraude,2017-03-27,5497247063,deposit
279,Deteccion de posible fraude,2017-04-08,8214852213,withdrawal
280,Deteccion de posible fraude,2017-04-30,1304071846,withdrawal
281,Deteccion de posible fraude,2017-05-14,8338676165,deposit
282,Deteccion de posible fraude,2017-05-22,5718921203,withdrawal
283,Deteccion de posible fraude,2017-06-18,1070493258,withdrawal
284,Deteccion de posible fraude,2017-07-04,2017307983,deposit
285,Deteccion de posible fraude,2017-07-04,5104707055,deposit
286,Deteccion de posible fraude,2017-07-06,8125967021,deposit
287,Deteccion de posible fraude,2017-07-18,1600106436,deposit
288,Deteccion de posible fraude,2017-07-24,2012149039,deposit
289,Deteccion de posible fraude,2017-07-24,7272004042,deposit
290,Deteccion de posible fraude,2017-08-10,2613021494,deposit
291,Deteccion de posible fraude,2017-09-09,8157095379,deposit
292,Deteccion de posible fraude,2017-10-04,6658325011,withdrawal
293,Deteccion de posible fraude,2017-10-21,6344689193,withdrawal
294,Deteccion de posible fraude,2017-10-25,7264889825,withdrawal
295,Deteccion de posible fraude,2017-10-30,5544915510,deposit
296,Deteccion de posible fraude,2017-11-01,7272004042,withdrawal
297,Deteccion de posible fraude,2017-11-07,6579773008,deposit
298,Deteccion de posible fraude,2017-11-07,7948797869,deposit
299,Deteccion de posible fraude,2017-11-12,8863315363,withdrawal
300,Deteccion de posible fraude,2017-11-19,8607881055,withdrawal
301,Deteccion de posible fraude,2017-11-25,5013766562,deposit
302,Deteccion de posible fraude,2017-11-27,5233927456,withdrawal
303,Deteccion de posible fraude,2017-12-06,7499646580,deposit
304,Deteccion de posible fraude,2017-12-08,5957951134,withdrawal
305,Deteccion de posible fraude,2018-01-04,3932670494,deposit
306,Deteccion de posible fraude,2018-01-04,8220548006,withdrawal
307,Deteccion de posible fraude,2018-01-18,7988901144,withdrawal
308,Deteccion de posible fraude,2018-01-31,6107181052,deposit
309,Deteccion de posible fraude,2018-02-03,3723798724,deposit
310,Deteccion de posible fraude,2018-02-06,1096772568,deposit
311,Deteccion de posible fraude,2018-02-06,5816639136,withdrawal
312,Deteccion de posible fraude,2018-02-09,6070113245,withdrawal
313,Deteccion de posible fraude,2018-03-14,5455706399,withdrawal
314,Deteccion de posible fraude,2018-03-27,4630223960,withdrawal
315,Deteccion de posible fraude,2018-03-31,6208171240,withdrawal
316,Deteccion de posible fraude,2018-04-05,2688551832,deposit
317,Deteccion de posible fraude,2018-04-05,7275964756,deposit
318,Deteccion de posible fraude,2018-04-13,7128769556,deposit
319,Deteccion de posible fraude,2018-04-14,2153169150,deposit
320,Deteccion de posible fraude,2018-05-15,1990764041,withdrawal
321,Deteccion de posible fraude,2018-05-15,6713345782,deposit
322,Deteccion de posible fraude,2018-05-16,7411752886,deposit
323,Deteccion de posible fraude,2018-05-25,5038715804,deposit
324,Deteccion de posible fraude,2018-05-26,5456510063,withdrawal
325,Deteccion de posible fraude,2018-05-30,3625619454,withdrawal
326,Deteccion de posible fraude,2018-06-06,2581444593,deposit
327,Deteccion de posible fraude,2018-06-07,6473621604,deposit
328,Deteccion de posible fraude,2018-06-18,3805990195,withdrawal
329,Deteccion de posible fraude,2018-06-20,6173781772,withdrawal
330,Deteccion de posible fraude,2018-06-24,8830911891,withdrawal
331,Deteccion de posible fraude,2018-06-25,3500411266,deposit
332,Deteccion de posible fraude,2018-07-07,1416891056,deposit
333,Deteccion de posible fraude,2018-07-15,3852690146,deposit
334,Deteccion de posible fraude,2018-07-30,4599839168,deposit
335,Deteccion de posible fraude,2018-08-01,2181219907,withdrawal
336,Deteccion de posible fraude,2018-08-01,6333809557,deposit
337,Deteccion de posible fraude,2018-08-03,6749513485,deposit
338,Deteccion de posible fraude,2018-08-06,8775983464,withdrawal
339,Deteccion de posible fraude,2018-08-27,1905739658,withdrawal
340,Deteccion de posible fraude,2018-09-10,8830124072,withdrawal
341,Deteccion de posible fraude,2018-09-19,5289444299,deposit
342,Deteccion de posible fraude,2018-09-20,5504863920,withdrawal
343,Deteccion de posible fraude,2018-09-23,4646394185,deposit
344,Deteccion de posible fraude,2018-10-01,7376906889,withdrawal
345,Deteccion de posible fraude,2018-10-14,8001546736,deposit
346,Deteccion de posible fraude,2018-11-15,2129760838,deposit
347,Deteccion de posible fraude,2018-11-17,8728778373,deposit
348,Deteccion de posible fraude,2018-11-29,8855545889,deposit
349,Deteccion de posible fraude,2018-12-03,1305960316,deposit
350,Deteccion de posible fraude,2018-12-22,6344689193,deposit
351,Deteccion de posible fraude,2019-01-06,8603705394,withdrawal
352,Deteccion de posible fraude,2019-01-19,5380117725,deposit
353,Deteccion de posible fraude,2019-02-03,6943076239,deposit
354,Deteccion de posible fraude,2019-03-11,5024477627,deposit
355,Deteccion de posible fraude,2019-03-12,7555097683,withdrawal
356,Deteccion de posible fraude,2019-03-25,3382021129,deposit
357,Deteccion de posible fraude,2019-03-26,5294911865,deposit
358,Deteccion de posible fraude,2019-04-26,5011275833,withdrawal
359,Deteccion de posible fraude,2019-04-30,5651465696,deposit
360,Deteccion de posible fraude,2019-05-05,7939226139,deposit
361,Deteccion de posible fraude,2019-05-14,2763696352,withdrawal
362,Deteccion de posible fraude,2019-05-16,2852937817,deposit
363,Deteccion de posible fraude,2019-05-18,3488244700,withdrawal
364,Deteccion de posible fraude,2019-05-26,2036400572,deposit
365,Deteccion de posible fraude,2019-06-11,7735397399,deposit
366,Deteccion de posible fraude,2019-06-13,2501010855,withdrawal
367,Deteccion de posible fraude,2019-07-04,3432775611,deposit
368,Deteccion de posible fraude,2019-07-10,2925289748,deposit
369,Deteccion de posible fraude,2019-07-14,1376570875,withdrawal
370,Deteccion de posible fraude,2019-07-22,3774548996,deposit
371,Deteccion de posible fraude,2019-07-30,4865339368,deposit
372,Deteccion de posible fraude,2019-08-01,2350169259,withdrawal
373,Deteccion de posible fraude,2019-09-06,2704281252,withdrawal
374,Deteccion de posible fraude,2019-09-06,3949282948,withdrawal
375,Deteccion de posible fraude,2019-09-09,2070322224,deposit
376,Deteccion de posible fraude,2019-09-09,7627650502,deposit
377,Deteccion de posible fraude,2019-09-10,4231827437,withdrawal
378,Deteccion de posible fraude,2019-09-13,7272004042,deposit
379,Deteccion de posible fraude,2019-09-22,2120608277,withdrawal
380,Deteccion de posible fraude,2019-10-14,5042433534,deposit
381,Deteccion de posible fraude,2019-10-18,7978924883,deposit
382,Deteccion de posible fraude,2019-11-04,7406107563,deposit
383,Deteccion de posible fraude,2019-11-10,3414032869,withdrawal
384,Deteccion de posible fraude,2019-11-15,2950496277,withdrawal
385,Deteccion de posible fraude,2019-11-16,5087985403,deposit
386,Deteccion de posible fraude,2019-11-29,6209295227,deposit
387,Deteccion de posible fraude,2019-12-04,8003557462,deposit
388,Deteccion de posible fraude,2019-12-10,7981702312,withdrawal
389,Deteccion de posible fraude,2020-01-07,7922641895,deposit
390,Deteccion de posible fraude,2020-01-12,4359249823,deposit
391,Deteccion de posible fraude,2020-01-14,6344689193,deposit
392,Deteccion de posible fraude,2020-01-22,2120608277,deposit
393,Deteccion de posible fraude,2020-01-24,5381989319,withdrawal
394,Deteccion de posible fraude,2020-01-25,4452056256,deposit
395,Deteccion de posible fraude,2020-01-28,2153169150,withdrawal
396,Deteccion de posible fraude,2020-02-08,5538656108,deposit
397,Deteccion de posible fraude,2020-02-19,8213649575,withdrawal
398,Deteccion de posible fraude,2020-03-01,3377833980,deposit
399,Deteccion de posible fraude,2020-03-19,2275663963,deposit
400,Deteccion de posible fraude,2020-03-19,5873825150,deposit
401,Deteccion de posible fraude,2020-03-24,4018471807,withdrawal
402,Deteccion de posible fraude,2020-04-10,2929454858,deposit
403,Deteccion de posible fraude,2020-05-05,4291869371,deposit
404,Deteccion de posible fraude,2020-05-09,4775892124,deposit
405,Deteccion de posible fraude,2020-05-11,3146473147,withdrawal
406,Deteccion de posible fraude,2020-05-17,1084168976,deposit
407,Deteccion de posible fraude,2020-06-07,6427768968,withdrawal
408,Deteccion de posible fraude,2020-06-13,4451111149,withdrawal
409,Deteccion de posible fraude,2020-06-17,6137844230,deposit
410,Deteccion de posible fraude,2020-07-22,4855214662,deposit
411,Deteccion de posible fraude,2020-08-10,2800964351,withdrawal
412,Deteccion de posible fraude,2020-08-12,6748129563,deposit
413,Deteccion de posible fraude,2020-08-19,3879097534,withdrawal
414,Deteccion de posible fraude,2020-08-24,8762235733,deposit
415,Deteccion de posible fraude,2020-08-26,8133093271,withdrawal
416,Deteccion de posible fraude,2020-09-08,6940164017,deposit
417,Deteccion de posible fraude,2020-09-10,3087226555,withdrawal
418,Deteccion de posible fraude,2020-09-12,6806400144,deposit
419,Deteccion de posible fraude,2020-09-13,3543851671,deposit
420,Deteccion de posible fraude,2020-09-19,8586653426,withdrawal
421,Deteccion de posible fraude,2020-09-28,7136889801,deposit
422,Deteccion de posible fraude,2020-09-30,3617054072,deposit
423,Deteccion de posible fraude,2020-10-07,8287911659,withdrawal
424,Deteccion de posible fraude,2020-10-23,8142601377,withdrawal
425,Deteccion de posible fraude,2020-11-03,4702179408,withdrawal
426,Deteccion de posible fraude,2020-11-05,2012149039,withdrawal
427,Deteccion de posible fraude,2020-11-27,7870525348,deposit
428,Deteccion de posible fraude,2020-12-15,3611219515,withdrawal
429,Deteccion de posible fraude,2020-12-22,8016401540,deposit
430,Deteccion de posible fraude,2020-12-24,6108079050,withdrawal
431,Deteccion de posible fraude,2021-01-07,3089668377,deposit
432,Deteccion de posible fraude,2021-01-25,8268735724,withdrawal
433,Deteccion de posible fraude,2021-01-26,8621408031,deposit
434,Deteccion de posible fraude,2021-02-05,1300298869,withdrawal
435,Deteccion de posible fraude,2021-02-09,5087985403,withdrawal
436,Deteccion de posible fraude,2021-02-17,5637641519,withdrawal
437,Deteccion de posible fraude,2021-02-23,1189720809,deposit
438,Deteccion de posible fraude,2021-03-02,5504863920,deposit
439,Deteccion de posible fraude,2021-04-03,7978694492,withdrawal
440,Deteccion de posible fraude,2021-04-10,8668253199,deposit
441,Deteccion de posible fraude,2021-04-15,3914987399,withdrawal
442,Deteccion de posible fraude,2021-04-19,7243099010,deposit
443,Deteccion de posible fraude,2021-05-14,4673558196,withdrawal
444,Deteccion de posible fraude,2021-05-16,8254154216,deposit
445,Deteccion de posible fraude,2021-05-20,7016309500,withdrawal
446,Deteccion de posible fraude,2021-06-08,2507913951,deposit
447,Deteccion de posible fraude,2021-06-09,7900277079,deposit
448,Deteccion de posible fraude,2021-06-11,4166516190,deposit
449,Deteccion de posible fraude,2021-07-03,7995388868,deposit
450,Deteccion de posible fraude,2021-07-07,7978694492,deposit
451,Deteccion de posible fraude,2021-07-09,7411752886,withdrawal
452,Deteccion de posible fraude,2021-07-30,4764665044,withdrawal
453,Deteccion de posible fraude,2021-08-02,1817678605,deposit
454,Deteccion de posible fraude,2021-08-13,2031934599,deposit
455,Deteccion de posible fraude,2021-08-17,5951007273,withdrawal
456,Deteccion de posible fraude,2021-08-22,1431328278,withdrawal
457,Deteccion de posible fraude,2021-08-25,3419490893,withdrawal
458,Deteccion de posible fraude,2021-09-04,1817678605,withdrawal
459,Deteccion de posible fraude,2021-09-07,8979992914,deposit
460,Deteccion de posible fraude,2021-09-08,7870525348,withdrawal
461,Deteccion de posible fraude,2021-09-28,6882856013,deposit
462,Deteccion de posible fraude,2021-10-04,6869222769,deposit
463,Deteccion de posible fraude,2021-10-07,8774497791,withdrawal
464,Deteccion de posible fraude,2021-10-23,7421656340,withdrawal
465,Deteccion de posible fraude,2021-11-21,2594543659,deposit
466,Deteccion de posible fraude,2021-11-21,6124139066,deposit
467,Deteccion de posible fraude,2021-12-02,6963515999,deposit
468,Deteccion de posible fraude,2021-12-06,8033437758,withdrawal
469,Deteccion de posible fraude,2022-01-15,3526656127,withdrawal
470,Deteccion de posible fraude,2022-01-27,2905172964,deposit
471,Deteccion de posible fraude,2022-02-11,8533306482,withdrawal
472,Deteccion de posible fraude,2022-02-28,2894746061,withdrawal
473,Deteccion de posible fraude,2022-02-28,7243099010,deposit
474,Deteccion de posible fraude,2022-03-03,8284496504,withdrawal
475,Deteccion de posible fraude,2022-03-23,6462804466,withdrawal
476,Deteccion de posible fraude,2022-04-20,1486926151,deposit
477,Deteccion de posible fraude,2022-04-24,2677546462,deposit
478,Deteccion de posible fraude,2022-04-25,1585149251,deposit
479,Deteccion de posible fraude,2022-05-13,1806064086,deposit
480,Deteccion de posible fraude,2022-05-13,6777964084,withdrawal
481,Deteccion de posible fraude,2022-06-09,6748484973,deposit
482,Deteccion de posible fraude,2022-06-15,8159161662,withdrawal
483,Deteccion de posible fraude,2022-06-23,1769327730,deposit
484,Deteccion de posible fraude,2022-07-24,2300086127,withdrawal
485,Deteccion de posible fraude,2022-08-11,3564620486,deposit
486,Deteccion de posible fraude,2022-09-14,2147693778,deposit
487,Deteccion de posible fraude,2022-10-27,7052880996,deposit
488,Deteccion de posible fraude,2022-11-28,7855212766,withdrawal
489,Deteccion de posible fraude,2022-12-15,6124139066,deposit
490,Deteccion de posible fraude,2022-12-28,1096772568,deposit
491,Deteccion de posible fraude,2023-01-07,7948797869,deposit
492,Deteccion de posible fraude,2023-01-15,1119846499,withdrawal
493,Deteccion de posible fraude,2023-01-17,8220548006,deposit
494,Deteccion de posible fraude,2023-01-23,7900277079,withdrawal
495,Deteccion de posible fraude,2023-02-23,1283807416,withdrawal
496,Deteccion de posible fraude,2023-02-24,2501010855,deposit
497,Deteccion de posible fraude,2023-02-24,4129296341,deposit
498,Deteccion de posible fraude,2023-03-01,7049670836,deposit
499,Deteccion de posible fraude,2023-03-01,7362957984,withdrawal
500,Deteccion de posible fraude,2023-03-09,2344448523,deposit
501,Deteccion de posible fraude,2023-03-10,8634149134,withdrawal
502,Deteccion de posible fraude,2023-03-13,1474723193,withdrawal
503,Deteccion de posible fraude,2023-03-13,5300109037,deposit
504,Deteccion de posible fraude,2023-03-16,6091402282,withdrawal
505,Deteccion de posible fraude,2023-03-18,3542374309,deposit
506,Deteccion de posible fraude,2023-03-19,3617614900,deposit
507,Deteccion de posible fraude,2023-03-24,8354339347,deposit
508,Deteccion de posible fraude,2023-03-31,3291099642,deposit
509,Deteccion de posible fraude,2023-04-01,8055869756,deposit
510,Deteccion de posible fraude,2023-04-04,7144214141,deposit
511,Deteccion de posible fraude,2023-04-05,2501010855,deposit
512,Deteccion de posible fraude,2023-04-05,4666833792,withdrawal
513,Deteccion de posible fraude,2023-04-16,8830124072,deposit
514,Deteccion de posible fraude,2023-04-30,1296673259,deposit
515,Deteccion de posible fraude,2023-05-08,5359958524,withdrawal
516,Deteccion de posible fraude,2023-05-08,8373884760,deposit
517,Deteccion de posible fraude,2023-05-25,5277340463,deposit
518,Deteccion de posible fraude,2023-06-09,7687080286,deposit
519,Deteccion de posible fraude,2023-06-13,3791249090,deposit
520,Deteccion de posible fraude,2023-07-01,1070493258,deposit
521,Deteccion de posible fraude,2023-07-18,2751327416,deposit
522,Deteccion de posible fraude,2023-07-28,4399277301,withdrawal
523,Deteccion de posible fraude,2023-08-03,1325906135,withdrawal
524,Deteccion de posible fraude,2023-08-06,7978924883,withdrawal
525,Deteccion de posible fraude,2023-08-22,1416891056,deposit
526,Deteccion de posible fraude,2023-08-27,2034678208,withdrawal
527,Deteccion de posible fraude,2023-09-17,6170721225,deposit
528,Deteccion de posible fraude,2023-09-18,5663014881,withdrawal
529,Deteccion de posible fraude,2023-10-13,3808206263,withdrawal
530,Deteccion de posible fraude,2023-10-19,3543851671,deposit
531,Deteccion de posible fraude,2023-10-27,2574503557,deposit
532,Deteccion de posible fraude,2023-10-28,2275663963,withdrawal
533,Deteccion de posible fraude,2023-11-09,7900277079,deposit
534,Deteccion de posible fraude,2023-11-11,1769327730,withdrawal
535,Deteccion de posible fraude,2023-11-28,7379305128,withdrawal
536,Deteccion de posible fraude,2023-12-15,4359249823,withdrawal
537,Deteccion de posible fraude,2023-12-21,5312383084,withdrawal
