id,supplier,client,emission_date,amount
0,Farmacias R&R,Kevin Carrillo,2019-08-06,282
1,Supermercados Fahsen,Angela Miller,2023-11-28,3193
2,Farmacias Andoni-Mazza,Benjamin Smith,2010-08-18,3345
3,Antillon,Ronnie Murphy,2019-05-20,2389
4,Distribuidora Mariscal,Angela Phillips,2019-06-26,354
5,EPA,Barbara Murphy,2019-10-19,786
6,Farmacias R&R,Joseph Jackson,2021-11-30,10
7,HH,Henry King,2018-04-13,3440
8,Antillon,Adam Marshall,2019-09-17,2199
9,Distribuidora Mariscal,Tony Farley,2016-06-18,1716
10,EPA,Amy Mckinney,2018-04-10,403
11,Muebles El Roble,Sara Wood,2021-01-22,2844
12,Distribuidora Mariscal,Victor Martin,2023-08-13,3121
13,Ferreter�as Coronado,Sherri Adams,2020-12-08,2385
14,Ferreter�as Coronado,Eileen Ramos,2015-07-01,3267
15,Repuestos Acquoni,Cheryl Robinson,2016-12-18,263
16,Fertilizantes Mayafer,Joseph Jackson,2013-05-07,626
17,Repuestos Acquoni,Mrs. Jamie Riley DDS,2010-03-22,3008
18,Distribuidora Mariscal,Victor Morrison,2023-08-08,880
19,Muebles El Roble,Kenneth Williams,2012-11-12,47
20,Cemaco,Christopher Mcdonald,2023-12-19,922
21,Socios S.A.,Emily Brown,2012-09-15,1692
22,Socios S.A.,Brian Frey,2016-01-25,2856
23,Q&A,James Cruz,2019-07-14,2780
24,Farmacias Andoni-Mazza,Stacy Hughes,2021-03-19,1639
25,FIHCA S.A,Teresa Singleton,2015-04-29,1406
26,Repuestos Aioli,Donna Mason MD,2010-09-13,1498
27,Salsas Don Justo,Cassandra Meyer,2012-04-06,2620
28,Repuestos Aioli,Jacqueline Harris,2018-05-10,3194
29,Muebles El Roble,David Sloan,2019-11-10,1996
30,Q&A,Melinda Lutz,2011-02-22,2735
31,Salsas Don Justo,Joshua Blake,2010-05-02,2553
32,Fertilizantes Mayafer,Ashley Freeman,2023-04-08,2886
33,Muebles El Roble,Tony Brewer,2021-10-24,3215
34,Muebles El Roble,David Nelson,2023-07-09,2460
35,Muebles El Roble,Cheryl Shannon,2020-11-19,580
36,Repuestos Aioli,Jacob Davis,2011-03-19,999
37,Antillon,Tara Mullen,2017-05-11,2427
38,Antillon,Michael Miller,2017-09-28,2918
39,Lavander�as Lara,Judy Martin,2013-10-18,340
40,Lavander�as Lara,Anthony Hensley,2021-07-19,590
41,Kinotipedia,Brian Harris,2019-05-05,184
42,Lavander�as Lara,Dr. Megan West,2015-06-22,1260
43,Ferreter�as Coronado,Benjamin Bailey,2018-06-13,2307
44,Distribuidora Mariscal,Matthew Brooks,2017-09-15,1004
45,Antillon,Jason Franklin,2023-02-07,909
46,Lavander�as Lara,Eric Adams,2011-12-30,368
47,Repuestos Acquoni,Alexander Hunter,2011-10-30,1944
48,Productos Toledo,Sharon Graves,2021-01-19,1425
49,Ferreter�as Coronado,Holly Rodgers,2011-06-14,1485
50,FIHCA S.A,Brett Johnson,2014-10-26,2062
51,Cemaco,Larry Charles,2012-04-26,2518
52,Salsas Don Justo,Willie Juarez,2019-02-19,2355
53,FIHCA S.A,Teresa Singleton,2012-03-16,2266
54,Lavander�as Lara,Loretta Butler,2012-03-08,2914
55,HH,Angel Smith,2020-01-19,301
56,Lavander�as Lara,John Hill,2022-09-18,133
57,Q&A,Steven Stephens,2016-12-05,1550
58,Ferreter�as Coronado,Meghan Calderon,2023-11-27,3290
59,Ferreter�as Coronado,Tiffany Gonzales,2018-07-05,785
60,Cemaco,Brittany Werner,2012-07-18,516
61,Lavander�as Lara,Christine Hernandez,2011-11-01,2209
62,Kinotipedia,Heather Smith,2022-12-21,671
63,Cemaco,Lee Jones,2010-03-04,1924
64,Supermercados Fahsen,Bryan Harris,2013-12-30,1536
65,FIHCA S.A,Brian Frey,2016-04-22,978
66,HH,Carrie Bean,2016-11-24,744
67,Muebles El Roble,Thomas Lewis,2019-06-22,552
68,Cemaco,Renee Bryant,2018-05-04,2803
69,Socios S.A.,Brittany Johnson,2012-01-16,1060
70,Repuestos Aioli,Kelli Berry,2021-06-09,1085
71,Repuestos Acquoni,Omar Ramirez,2010-09-03,740
72,Farmacias R&R,Kathleen Perez,2014-08-13,784
73,Productos Toledo,Brian Johnson,2011-08-10,3202
74,Muebles El Roble,Robert Porter,2019-11-03,530
75,Q&A,Randy Andrews,2016-04-21,2984
76,Ferreter�as Coronado,Patricia Farmer,2017-11-23,2223
77,Lavander�as Lara,Frederick Wood,2021-07-16,1788
78,Lavander�as Lara,Tyler Gardner,2019-09-09,1101
79,Cemaco,Melinda Riddle,2016-12-15,3401
80,Cemaco,Kimberly Vance,2013-10-04,359
81,Ferreter�as Coronado,Casey Brewer,2023-07-02,1826
82,Repuestos Acquoni,Christine Peterson,2020-05-27,2249
83,Q&A,William Thomas,2013-02-25,1910
84,Repuestos Aioli,Mary Brandt,2021-04-18,3086
85,Salsas Don Justo,Larry Gonzalez,2013-07-21,1579
86,Distribuidora Mariscal,Colleen Huffman,2011-12-20,3149
87,Fertilizantes Mayafer,Brenda Evans,2023-09-22,2508
88,Ferreter�as Coronado,William Sheppard,2018-02-04,3036
89,Repuestos Aioli,Benjamin Smith,2017-05-28,191
90,FIHCA S.A,Kristin Rivera,2014-03-24,2345
91,Repuestos Acquoni,Suzanne Johnson,2018-05-31,2531
92,EPA,Andrea Dunlap,2017-09-14,1440
93,Fertilizantes Mayafer,Jessica Peters,2021-02-20,1515
94,Muebles El Roble,Omar Jackson,2021-07-14,1832
95,Lavander�as Lara,Perry Cordova,2015-01-26,1007
96,FIHCA S.A,Elizabeth Jackson,2022-04-12,1797
97,Farmacias R&R,Nichole Berg,2018-03-12,2166
98,Socios S.A.,Scott Barton,2022-05-08,573
99,FIHCA S.A,Scott Barton,2022-01-19,2472
100,Lavander�as Lara,Daniel Long,2014-07-16,993
101,Productos Toledo,Kristen Mcfarland,2013-07-22,3073
102,Repuestos Acquoni,Emma Harris,2015-08-01,1828
103,HH,Laura Smith,2022-12-05,1209
104,Lavander�as Lara,Karl Camacho,2021-11-29,1596
105,Farmacias R&R,Daniel Owen,2016-10-15,3047
106,Antillon,Ronnie Murphy,2018-02-25,836
107,Farmacias R&R,Debra Chung,2010-10-14,826
108,Socios S.A.,Patricia Massey,2022-07-08,666
109,Socios S.A.,Derek Ramirez,2021-08-29,1455
110,Kinotipedia,Peggy Hernandez,2014-09-21,775
111,Ferreter�as Coronado,Hayley Garcia,2014-10-10,3082
112,Salsas Don Justo,Denise Johnson,2016-02-25,2118
113,Ferreter�as Coronado,Stephanie Bryant,2013-05-12,2732
114,Productos Toledo,Laurie Wallace,2015-01-25,2563
115,Kinotipedia,Tony Knight,2021-04-30,1080
116,Productos Toledo,Christine Hernandez,2012-12-22,630
117,Antillon,Tracy Rivera,2014-06-05,530
118,Farmacias Andoni-Mazza,Casey Casey,2023-11-10,2043
119,Cemaco,David Anderson,2020-08-28,2129
120,Farmacias Andoni-Mazza,Lauren Garcia,2013-02-08,1168
121,FIHCA S.A,Amanda Montoya,2012-08-14,3129
122,Salsas Don Justo,Ms. Tracey Kent,2016-08-30,688
123,EPA,Brittany Mckay,2012-10-15,520
124,Cemaco,Karen Rodriguez,2012-06-12,1390
125,Productos Toledo,Patrick Williams,2022-10-13,2062
126,Socios S.A.,Jeremy Walker,2011-12-28,2435
127,Socios S.A.,Fred Williams,2013-12-16,3124
128,Salsas Don Justo,Mr. Jason Osborne II,2017-05-15,1053
129,Fertilizantes Mayafer,Dr. Sarah Miller,2013-06-03,1426
130,Repuestos Acquoni,Caroline Kelly,2015-04-02,2793
131,EPA,Lisa Stuart,2013-07-16,1184
132,Salsas Don Justo,Brenda Evans,2019-09-13,2993
133,Ferreter�as Coronado,Thomas Wells,2017-12-13,2301
134,Farmacias Andoni-Mazza,Lisa Patterson,2019-04-09,3158
135,Repuestos Acquoni,Cheryl Robinson,2020-06-23,1411
136,Repuestos Aioli,Derek Fry,2014-06-21,792
137,Q&A,Tony Brewer,2021-04-01,1518
138,FIHCA S.A,Stacy Brown,2012-01-10,2614
139,Kinotipedia,Sandra Murphy,2023-05-07,2385
140,Repuestos Acquoni,Sandra Riley,2019-06-12,418
141,Kinotipedia,Ashlee Willis,2021-02-13,2580
142,Cemaco,Sharon Graves,2014-04-22,1489
143,Muebles El Roble,Sandra Murphy,2020-10-28,2176
144,Lavander�as Lara,David Nelson,2017-10-27,3152
145,Cemaco,Abigail Shaffer,2011-03-17,2531
146,Q&A,Candace Gordon,2016-07-14,3014
147,FIHCA S.A,Elizabeth Ramirez,2013-05-26,2187
148,EPA,Rachel Powell,2014-01-26,754
149,FIHCA S.A,Samantha Lee,2014-01-21,2526
150,FIHCA S.A,Megan Mcdonald,2020-07-01,367
151,Supermercados Fahsen,Mary Spencer,2021-04-10,720
152,Kinotipedia,Jamie Boyer,2020-12-15,1437
153,Productos Toledo,Jamie Hernandez,2021-03-25,3380
154,Lavander�as Lara,Willie Juarez,2019-03-19,776
155,Muebles El Roble,James King,2015-07-16,1544
156,Farmacias R&R,Marc Taylor,2021-10-25,2608
157,Salsas Don Justo,Joe Smith,2014-02-21,1759
158,Repuestos Aioli,Diane Ford,2010-08-13,1270
159,Antillon,Corey Barber,2010-09-02,368
160,Socios S.A.,Brittany Clark,2023-04-12,1402
161,Ferreter�as Coronado,Erin Pope,2011-05-11,2358
162,Fertilizantes Mayafer,Roger Shaffer,2015-11-16,1898
163,Supermercados Fahsen,Marc Taylor,2015-02-21,1635
164,Q&A,Keith White,2021-12-01,1586
165,Repuestos Acquoni,David Lowe,2015-04-06,207
166,Q&A,Henry Johnson,2015-04-08,2776
167,Lavander�as Lara,Timothy Bush,2019-12-27,776
168,Salsas Don Justo,Angela Young,2013-12-15,205
169,Q&A,Stacy Brown,2012-09-28,1742
170,Lavander�as Lara,Jennifer Duran,2018-02-06,261
171,Antillon,Sharon Wilson,2012-11-03,1230
172,EPA,Bailey Green,2016-01-16,565
173,Kinotipedia,Bethany Green,2017-04-28,299
174,Distribuidora Mariscal,Shelby Russell,2015-03-05,2450
175,Socios S.A.,Brandon Archer,2017-01-23,2090
176,Kinotipedia,Sabrina Gill,2011-09-23,1130
177,Cemaco,Jacqueline Taylor,2019-07-07,133
178,Distribuidora Mariscal,Renee Melton,2010-08-21,1443
179,Fertilizantes Mayafer,Danielle Allen,2016-03-02,3251
180,Socios S.A.,Troy Smith,2016-05-24,1887
181,Q&A,Gregory Hunt,2011-12-02,420
182,Socios S.A.,Crystal Erickson,2013-11-24,955
183,Q&A,Jeffrey Gomez,2023-06-23,2607
184,Repuestos Aioli,Kathleen Perez,2015-06-30,1626
185,Farmacias R&R,Sharon Wilson,2019-07-04,3372
186,Farmacias Andoni-Mazza,Richard Duran,2012-09-22,1183
187,Distribuidora Mariscal,John Garcia,2023-09-10,890
188,Distribuidora Mariscal,David Nelson,2018-09-07,1820
189,Distribuidora Mariscal,Marcus Arellano,2015-08-25,758
190,Farmacias Andoni-Mazza,Ricky Murphy,2011-09-12,2649
191,Salsas Don Justo,Paul Sharp,2011-09-11,328
192,Farmacias R&R,Marco Palmer,2011-03-24,2266
193,Repuestos Acquoni,Stacy Peters,2023-08-19,356
194,Repuestos Acquoni,Candace Gordon,2016-06-06,3444
195,EPA,Ricky Murphy,2010-02-13,460
196,Distribuidora Mariscal,Michael Henry,2017-11-24,3218
197,Kinotipedia,Maria Sanders,2023-05-05,1262
198,Distribuidora Mariscal,Heather Ross,2018-03-20,2231
199,Farmacias Andoni-Mazza,Wayne Tate,2013-01-16,293
200,Socios S.A.,Eric Snyder,2012-10-25,955
201,Lavander�as Lara,Susan Copeland,2023-01-31,2478
202,Fertilizantes Mayafer,Stacey Ellis,2013-02-03,2660
203,EPA,Kim Orozco,2021-01-07,78
204,Repuestos Acquoni,Ralph Simmons,2018-03-28,1031
205,EPA,Jessica Avila,2013-03-25,2135
206,Lavander�as Lara,William Sheppard,2023-05-02,3180
207,Muebles El Roble,Marissa Evans,2015-08-10,3336
208,Lavander�as Lara,Monica Fisher,2017-01-13,2045
209,Q&A,Kenneth Williams,2019-03-17,497
210,Antillon,Keith Bell,2015-09-16,263
211,Muebles El Roble,Melissa Medina,2010-08-27,2943
212,Distribuidora Mariscal,Barbara Murphy,2013-01-03,2113
213,Q&A,Christopher James,2019-09-15,1562
214,Farmacias Andoni-Mazza,Nichole Berg,2023-09-15,1431
215,Ferreter�as Coronado,Candace Gordon,2015-01-21,3342
216,EPA,Cassidy Simmons,2017-12-03,2982
217,Salsas Don Justo,Matthew Walsh,2018-11-24,3023
218,Repuestos Acquoni,Kevin Carrillo,2013-06-20,1320
219,HH,Thomas Kim,2016-04-15,812
220,Kinotipedia,Scott Smith,2018-07-06,3201
221,Lavander�as Lara,Samantha Lee,2013-11-04,1924
222,Muebles El Roble,Cheryl Robinson,2019-12-19,3279
223,Muebles El Roble,Karen Kirby,2013-02-19,241
224,Supermercados Fahsen,Jo Soto,2017-11-10,3365
225,Antillon,Adam Marshall,2021-01-17,901
226,Muebles El Roble,Gregory Hill,2011-03-12,1429
227,Productos Toledo,Christopher Sullivan,2023-01-11,223
228,Productos Toledo,Steven Stephens,2010-05-14,2834
229,Muebles El Roble,Henry Johnson,2021-01-04,2887
230,Farmacias R&R,Leah Crawford,2013-11-28,1303
231,Repuestos Acquoni,Gregory Nguyen,2022-02-17,1692
232,Ferreter�as Coronado,Jennifer Duran,2022-11-06,723
233,Fertilizantes Mayafer,Pamela Boyd,2015-08-09,1754
234,Kinotipedia,Richard Sanchez,2020-07-01,870
235,HH,William Delgado,2020-06-14,2796
236,FIHCA S.A,Shane Perez,2014-06-02,2592
237,Productos Toledo,Carrie Chaney,2014-06-04,3344
238,Socios S.A.,Sandra Murphy,2021-07-29,3442
239,Ferreter�as Coronado,Sarah Wilkerson,2012-01-20,2288
240,Antillon,Christopher Hughes,2010-04-06,3299
241,Productos Toledo,Nancy Mccoy,2014-10-14,3357
242,Farmacias Andoni-Mazza,Kristi Watson,2012-03-04,587
243,Repuestos Acquoni,Mr. Martin Williams,2013-07-01,352
244,FIHCA S.A,Andrea Dunlap,2020-06-03,2814
245,Productos Toledo,Jeremy Nelson,2021-07-14,203
246,Ferreter�as Coronado,Kim Hill,2014-08-22,2817
247,Lavander�as Lara,Christina Camacho,2010-11-15,2556
248,Productos Toledo,Jesse Hardin,2020-05-06,2468
249,Kinotipedia,Donna Hutchinson,2020-09-22,2649
250,Repuestos Acquoni,Carrie Bean,2012-10-17,2038
251,Muebles El Roble,Timothy Jenkins,2010-10-11,3114
252,Fertilizantes Mayafer,Joe Smith,2012-07-18,2998
253,Farmacias R&R,Christopher Williams,2021-12-22,1372
254,Antillon,Eric Adams,2018-10-08,179
255,Fertilizantes Mayafer,Larry Gonzalez,2020-06-20,3413
256,Socios S.A.,Kelly Marshall,2016-07-28,956
257,Q&A,David Lee,2022-02-25,2715
258,Farmacias Andoni-Mazza,Cheryl Robinson,2018-08-08,3472
259,Antillon,Kendra Kirby,2018-10-07,149
260,Lavander�as Lara,Joshua Mullins,2015-02-11,1454
261,Farmacias R&R,William Delgado,2018-04-11,2439
262,Salsas Don Justo,Sherry Jones,2017-11-25,918
263,Productos Toledo,Jose Carey,2017-03-07,2074
264,FIHCA S.A,Stephanie Bryant,2015-05-22,2581
265,Socios S.A.,Timothy Bush,2015-06-07,2225
266,Salsas Don Justo,Corey Barber,2016-11-26,1877
267,Farmacias Andoni-Mazza,Brandon Henry,2020-08-02,1251
268,Productos Toledo,Dwayne Benson,2010-09-20,1715
269,Repuestos Acquoni,Debra Andersen,2021-01-04,3178
270,EPA,Paul Sharp,2015-03-22,3096
271,Repuestos Acquoni,Faith Chen,2022-08-03,1897
272,Repuestos Acquoni,Ashley Cameron,2021-06-01,2690
273,Fertilizantes Mayafer,Colleen Huffman,2019-05-26,3077
274,Farmacias Andoni-Mazza,Erin White,2013-05-03,2171
275,Productos Toledo,Keith Bell,2017-10-14,1172
276,Ferreter�as Coronado,Christopher Mcdonald,2019-02-04,1310
277,HH,Jessica Buck,2015-06-15,1450
278,Ferreter�as Coronado,Elizabeth Garcia,2023-08-18,1241
279,Supermercados Fahsen,Johnny Smith,2017-11-28,1982
280,FIHCA S.A,Cassandra Meyer,2012-05-04,391
281,Q&A,Christopher Wiley,2014-09-21,1468
282,Repuestos Acquoni,Timothy Jenkins,2011-01-27,3236
283,Farmacias R&R,Sean Hancock,2011-02-19,3429
284,Kinotipedia,Steven Stephens,2020-11-11,1940
285,FIHCA S.A,Tara Mullen,2014-01-11,1195
286,Distribuidora Mariscal,Michael Robles,2015-04-16,1165
287,Socios S.A.,Joseph Ortiz,2020-02-22,1386
288,Productos Toledo,Stephanie Fuentes,2023-07-02,429
289,Muebles El Roble,Jerry Short,2010-03-26,679
290,EPA,William Delgado,2019-11-23,2480
291,Salsas Don Justo,Sherry Jones,2022-06-19,1977
292,Ferreter�as Coronado,Brianna Dunn,2015-05-31,2879
293,Muebles El Roble,Matthew Rodriguez,2019-11-17,3053
294,Productos Toledo,Tracy Bond,2018-07-31,25
295,Farmacias R&R,Bailey Green,2010-12-22,2257
296,Repuestos Aioli,Randy Andrews,2021-12-02,3009
297,Repuestos Acquoni,Brooke Cox,2014-06-17,2477
298,Repuestos Acquoni,Cassidy Simmons,2015-07-05,2984
299,Salsas Don Justo,Jessica Avila,2013-08-04,2592
300,Supermercados Fahsen,Stacy Flores,2017-12-04,2893
301,Productos Toledo,Stephanie Barnett,2021-06-27,2254
302,Farmacias R&R,James Rodriguez,2020-10-06,720
303,Repuestos Aioli,Derek Ramirez,2016-07-12,13
304,FIHCA S.A,Margaret Robinson,2010-02-14,851
305,Farmacias R&R,Omar Jackson,2014-07-15,3470
306,FIHCA S.A,Jacqueline Harris,2014-05-10,291
307,Productos Toledo,Danielle Allen,2018-10-08,355
308,FIHCA S.A,Kristine Davis,2013-06-24,487
309,Repuestos Aioli,Timothy Boyd,2020-09-28,343
310,Farmacias Andoni-Mazza,Adam Hicks,2015-09-09,869
311,FIHCA S.A,Elizabeth Ochoa,2013-05-31,1411
312,Salsas Don Justo,Megan Thomas,2019-03-31,1536
313,Ferreter�as Coronado,Jennifer Hodges,2020-03-28,264
314,HH,Sabrina Gill,2016-12-05,1980
315,Cemaco,Scott Cantu,2015-02-26,2934
316,Repuestos Acquoni,Deborah Mathews,2016-11-16,285
317,Lavander�as Lara,Melody Lee,2012-10-10,1012
318,Muebles El Roble,James James,2012-10-07,3222
319,Lavander�as Lara,Larry Charles,2010-12-09,1893
320,Socios S.A.,Alec Hopkins,2016-01-03,1274
321,Supermercados Fahsen,Jessica Baker,2021-10-13,2030
322,Distribuidora Mariscal,Jo Soto,2015-09-10,2139
323,Socios S.A.,Anne Webb,2013-03-10,2454
324,Cemaco,Robert Rodriguez,2020-12-15,1723
325,Supermercados Fahsen,Michael Hernandez,2016-07-28,2595
326,Repuestos Acquoni,Mark Lutz,2022-05-28,888
327,Repuestos Aioli,Paul Campbell,2010-07-12,1377
328,Repuestos Aioli,Amy Matthews,2016-06-06,1816
329,Q&A,Christopher Lucas,2011-09-03,2787
330,EPA,Molly Baker,2022-06-06,3477
331,Productos Toledo,Joseph Jackson,2013-02-08,646
332,Productos Toledo,Rodney King,2015-05-02,2146
333,EPA,Chase Smith,2023-08-06,3172
334,Kinotipedia,Jennifer Bradley,2012-10-31,612
335,Ferreter�as Coronado,Thomas Brown,2011-12-25,2583
336,Ferreter�as Coronado,Melissa Maldonado,2019-10-23,161
337,Repuestos Acquoni,Calvin Scott,2022-09-26,180
338,Kinotipedia,Alfred Weber,2014-08-29,3135
339,Productos Toledo,Ashley Hart,2014-06-26,1931
340,Antillon,Matthew Walsh,2013-05-25,3312
341,Antillon,Russell Smith,2011-12-17,3312
342,Lavander�as Lara,Amanda Evans,2016-07-05,170
343,Farmacias Andoni-Mazza,William Pacheco,2015-04-20,402
344,Distribuidora Mariscal,Jessica Buck,2015-11-25,2898
345,Distribuidora Mariscal,Sandra Lamb,2023-12-16,3344
346,Muebles El Roble,Alexander Hunter,2017-11-23,2396
347,Muebles El Roble,Lisa Stuart,2017-06-23,2049
348,Antillon,Barbara Murphy,2017-10-09,2586
349,Socios S.A.,Derrick Lopez,2011-04-28,413
350,Fertilizantes Mayafer,Kathleen Brown,2017-03-03,307
351,Kinotipedia,Vanessa Mclean,2019-04-17,1401
352,Farmacias Andoni-Mazza,David Smith,2023-08-24,3041
353,Salsas Don Justo,Bryan Harris,2019-02-03,1089
354,Productos Toledo,Susan Garcia,2018-08-22,2907
355,Farmacias Andoni-Mazza,Jeremy Walker,2012-07-08,1436
356,Salsas Don Justo,Alec Hopkins,2021-04-05,2333
357,Antillon,Mr. Logan Hamilton,2013-11-05,592
358,Productos Toledo,Jerry Short,2021-07-13,1694
359,Repuestos Acquoni,Ashley Shannon,2017-10-26,18
360,Ferreter�as Coronado,Dr. Sarah Miller,2012-01-20,3407
361,Supermercados Fahsen,Tracy Bond,2015-01-07,3333
362,Distribuidora Mariscal,Michelle Cross,2014-02-11,3238
363,Distribuidora Mariscal,Elizabeth Estes,2014-12-05,673
364,Distribuidora Mariscal,Christian Velazquez MD,2016-12-17,94
365,Repuestos Aioli,Sean Foster,2017-01-06,2833
366,Q&A,Faith Chen,2011-04-21,3262
367,Q&A,Erin Pope,2020-05-04,3212
368,FIHCA S.A,Sandra Jones,2015-02-12,1851
369,Q&A,Ashley Hart,2018-11-22,2466
370,Supermercados Fahsen,Jennifer Adams,2020-03-22,1078
371,Kinotipedia,Tracy Hall,2021-04-07,2464
372,Q&A,Briana Mann,2022-11-28,1099
373,Q&A,Justin Moore,2022-09-06,1967
374,Socios S.A.,Alyssa King,2011-05-31,249
375,Fertilizantes Mayafer,Fred Williams,2016-10-01,3482
376,EPA,Dana Ramos,2017-08-14,2990
377,Productos Toledo,Christine Hernandez,2011-12-12,2676
378,Antillon,Brian Whitney,2020-06-13,215
379,Fertilizantes Mayafer,Rebecca Colon,2010-01-05,2042
380,Socios S.A.,David Anderson,2015-08-29,2209
381,FIHCA S.A,Alexander Rodriguez,2013-07-28,3440
382,Farmacias Andoni-Mazza,Brian Whitney,2012-01-15,2881
383,Repuestos Aioli,Jason Mclaughlin,2011-01-08,381
384,Supermercados Fahsen,Gregory Hill,2016-02-28,2519
385,Ferreter�as Coronado,Ashley Park,2015-02-08,342
386,Q&A,Brittany Clark,2023-11-03,3320
387,Socios S.A.,Shannon Rasmussen,2016-05-08,830
388,Supermercados Fahsen,Brianna Dunn,2011-07-10,3117
389,Kinotipedia,Dr. Megan West,2020-06-01,1347
390,HH,Barbara Murphy,2023-07-10,2458
391,Distribuidora Mariscal,Joshua Woodard,2018-05-20,2720
392,Salsas Don Justo,Rebecca Graham,2016-06-07,2766
393,Salsas Don Justo,John Weaver,2011-02-27,391
394,Repuestos Aioli,Rachel Powell,2013-03-28,1307
395,Farmacias R&R,Rachel Brown,2010-02-02,1335
396,FIHCA S.A,Judy Martin,2021-07-29,2229
397,EPA,Jordan Brown,2023-04-28,572
398,Ferreter�as Coronado,Jacqueline Taylor,2013-03-02,387
399,Farmacias Andoni-Mazza,Hailey Shea,2016-11-09,1925
400,Farmacias R&R,Sandra Lamb,2011-10-18,2576
401,Kinotipedia,Garrett Cox,2011-07-31,3458
402,Repuestos Acquoni,Yesenia Shaw,2017-01-20,962
403,Distribuidora Mariscal,David Vazquez,2018-10-22,775
404,Muebles El Roble,Christina Middleton,2019-04-08,881
405,Productos Toledo,Christine Hernandez,2014-01-21,1960
406,EPA,Anna Ryan,2018-09-23,1546
407,Supermercados Fahsen,Justin Rodriguez,2022-07-06,1524
408,Supermercados Fahsen,Ashley Hart,2014-04-09,2701
409,Antillon,Timothy Sullivan,2018-11-28,3039
410,Lavander�as Lara,Michael Daniel,2010-11-07,1889
411,Farmacias R&R,Courtney Kemp,2011-03-24,806
412,Repuestos Aioli,Elizabeth Smith,2013-11-05,1290
413,Repuestos Aioli,Jason Leon,2017-07-19,1539
414,Q&A,Christopher James,2010-03-01,2009
415,Repuestos Acquoni,Amy Matthews,2011-07-16,2991
416,Kinotipedia,Daniel Parsons,2014-12-07,2318
417,Q&A,Patricia Farmer,2020-04-18,575
418,FIHCA S.A,Daniel Hendricks,2011-06-21,3357
419,Productos Toledo,Dylan Wilson,2012-10-13,2253
420,Productos Toledo,Kristen Mcfarland,2013-04-05,2650
421,Lavander�as Lara,Michael Griffin,2013-01-06,1483
422,Distribuidora Mariscal,Danielle Brown,2018-01-31,1884
423,Ferreter�as Coronado,Derek Fry,2022-04-12,556
424,EPA,Roger Shaffer,2010-05-18,1445
425,Fertilizantes Mayafer,Jose Carey,2014-09-10,1537
426,Repuestos Aioli,Maria Sanders,2010-08-19,2074
427,Kinotipedia,David Lee,2022-07-04,861
428,Farmacias Andoni-Mazza,William Thomas,2020-11-16,1134
429,Repuestos Aioli,Mark Dominguez,2012-09-21,2488
430,Antillon,Dawn Lin,2012-10-26,612
431,FIHCA S.A,David Nelson,2023-07-28,160
432,Q&A,Ryan Shaw,2016-08-01,1692
433,Muebles El Roble,Cody Hansen,2018-03-29,301
434,Farmacias R&R,Stacy Peters,2019-01-05,2278
435,Cemaco,Willie Juarez,2012-01-22,2972
436,Ferreter�as Coronado,James Miller,2023-07-08,2387
437,Ferreter�as Coronado,Gina Durham,2020-07-02,2833
438,Lavander�as Lara,Caroline Kelly,2012-08-16,1012
439,Lavander�as Lara,Emma Harris,2010-10-03,3072
440,Repuestos Aioli,Jamie Boyer,2015-10-08,718
441,Ferreter�as Coronado,Daniel Long,2023-10-15,3067
442,FIHCA S.A,Colin Williams,2023-11-21,713
443,Lavander�as Lara,Roger Shaffer,2018-10-11,3421
444,Fertilizantes Mayafer,Cody West,2019-12-13,804
445,Farmacias R&R,Angela Miller,2022-01-20,1756
446,Repuestos Aioli,Melinda Leon,2016-02-03,278
447,EPA,Richard Duran,2020-01-25,2556
448,Ferreter�as Coronado,Joshua Newton,2021-01-03,2797
449,Muebles El Roble,Timothy Williams,2023-09-15,1937
450,Repuestos Acquoni,Courtney Kemp,2020-07-10,2448
451,Farmacias R&R,Melissa Harvey,2017-09-24,3132
452,Supermercados Fahsen,Robert Rodriguez,2016-12-28,1607
453,Cemaco,Taylor Humphrey,2019-04-09,1309
454,Q&A,Dr. Michael Taylor,2022-05-17,1628
455,Salsas Don Justo,Rachel Thompson,2015-05-06,434
456,Farmacias R&R,Joshua Newton,2021-10-19,3305
457,Muebles El Roble,Daniel Parsons,2013-02-05,345
458,Lavander�as Lara,Eileen Ramos,2017-11-25,1934
459,Farmacias Andoni-Mazza,Tyler Wise,2023-02-27,1895
460,Socios S.A.,Scott Barton,2021-11-26,1229
461,Lavander�as Lara,Tonya Williams,2021-11-21,566
462,Farmacias Andoni-Mazza,Steven Ruiz,2012-10-05,3368
463,EPA,Christina Middleton,2020-03-28,1433
464,Kinotipedia,Bradley Wallace,2011-10-07,197
465,Supermercados Fahsen,Robert Lee,2015-05-02,2885
466,Farmacias R&R,Ryan Greer,2020-07-14,1566
467,Q&A,Ricardo Wilson,2018-12-27,2339
468,FIHCA S.A,Timothy Sullivan,2010-01-26,2058
469,Repuestos Aioli,Jason Vargas,2018-06-20,3137
470,Farmacias R&R,Sabrina Gill,2018-09-04,1810
471,Socios S.A.,Ashley Gibbs,2022-03-05,2759
472,Lavander�as Lara,Stephanie Hays,2015-10-22,187
473,Productos Toledo,Lisa Fleming,2014-07-08,116
474,EPA,Joshua Newton,2020-04-23,1395
475,Lavander�as Lara,Marcus May,2023-04-28,895
476,Farmacias R&R,Kelly Marshall,2018-11-21,299
477,Kinotipedia,Emily Brown,2021-05-28,966
478,Repuestos Aioli,Marcia Wheeler,2013-11-08,35
479,Supermercados Fahsen,Tracy Hall,2018-07-24,712
480,Socios S.A.,Jeremy Nelson,2016-07-21,355
481,Socios S.A.,Rachel Powell,2019-05-19,260
482,Repuestos Acquoni,Judy Martin,2011-09-24,2110
483,Ferreter�as Coronado,Mary Spencer,2023-12-29,2501
484,Productos Toledo,Brian Johnson,2017-03-30,1607
485,Cemaco,Angela Wood,2010-04-02,2252
486,Repuestos Aioli,Christopher Webster,2014-01-13,1225
487,Supermercados Fahsen,Jamie Boyer,2016-01-16,2438
488,Kinotipedia,Jordan Saunders,2015-07-26,1587
489,Antillon,Elizabeth Smith,2014-04-22,44
490,EPA,Rodney King,2021-07-22,634
491,EPA,Mr. Nicholas Johnston,2021-11-18,847
492,Q&A,John Weaver,2022-09-06,1107
493,Kinotipedia,Deborah Martin,2019-10-11,2072
494,Q&A,James James,2022-11-11,1039
495,FIHCA S.A,Jason Vargas,2019-05-13,104
496,Kinotipedia,Scott Smith,2016-04-04,2431
497,Productos Toledo,Kristin Rivera,2019-04-05,1040
498,Distribuidora Mariscal,Mark Gill,2012-06-08,2805
499,Lavander�as Lara,Nathan Clayton,2021-07-03,1679
500,Productos Toledo,Luis Clark,2011-03-12,1067
501,Salsas Don Justo,Dr. Kevin Wood DVM,2013-05-17,1029
502,Supermercados Fahsen,Sharon Graves,2023-10-01,2597
503,Ferreter�as Coronado,Karl Camacho,2010-05-08,3169
504,Q&A,Christopher Webster,2020-09-27,1029
505,Farmacias Andoni-Mazza,Janice Estrada,2010-06-24,3014
506,Productos Toledo,Brianna Merritt,2021-08-09,903
507,Ferreter�as Coronado,Laura King,2020-08-01,900
508,Repuestos Aioli,Jamie Hernandez,2013-07-16,2501
509,EPA,Casey Brewer,2012-08-26,2065
510,Q&A,Sean Foster,2019-11-07,1768
511,Productos Toledo,William Griffith,2023-11-17,2724
512,Lavander�as Lara,Anthony Massey,2021-01-08,2013
513,Salsas Don Justo,Kyle Thompson,2014-02-26,1676
514,Fertilizantes Mayafer,Debra Chung,2022-05-04,151
515,Repuestos Acquoni,Stephanie Bryant,2011-10-10,2748
516,Productos Toledo,Stacy Hughes,2010-01-01,2218
517,Distribuidora Mariscal,Sandra Johnson,2013-03-18,2196
518,Farmacias R&R,Joshua Blake,2010-12-12,156
519,Farmacias Andoni-Mazza,Rachel Walker,2012-09-29,2952
520,EPA,Jessica Buck,2023-08-14,1137
521,Productos Toledo,Amanda Delgado,2015-01-09,222
522,Productos Toledo,Jordan Saunders,2018-04-21,635
523,FIHCA S.A,Thomas Lewis,2011-08-23,2960
524,Farmacias R&R,Ashley Shannon,2014-03-20,268
525,Lavander�as Lara,Dr. Sarah Miller,2018-05-06,3062
526,Repuestos Acquoni,Emily Brown,2011-10-12,1819
527,Antillon,Steven Hurst,2016-02-23,2662
528,Kinotipedia,Victor Ramsey,2017-12-05,2815
529,Repuestos Acquoni,Jennifer Price,2012-12-27,116
530,Productos Toledo,Dylan Carney,2012-08-03,579
531,Fertilizantes Mayafer,Donna Wilson,2014-09-10,1513
532,Productos Toledo,David Henderson,2017-04-15,2879
533,Kinotipedia,Nichole Berg,2010-02-02,3431
534,Socios S.A.,Timothy Sullivan,2015-05-06,3119
535,Farmacias R&R,Kristine Davis,2023-06-17,2030
536,Q&A,Michael Henry,2015-08-03,1143
537,Lavander�as Lara,Jonathan Price,2014-06-25,1219
538,Fertilizantes Mayafer,Randy Sanchez,2017-12-05,3109
539,Farmacias Andoni-Mazza,Christopher Mcdonald,2017-08-31,714
540,HH,Marcia Wheeler,2019-11-09,3438
541,Repuestos Acquoni,Jennifer Price,2020-12-26,2958
542,Antillon,Matthew Rodriguez,2023-03-04,1028
543,EPA,Willie Juarez,2016-12-25,2171
544,Lavander�as Lara,Brian Bentley,2016-09-02,3234
545,Antillon,Richard Osborn,2020-05-07,3217
546,Muebles El Roble,Jessica Kelly,2010-05-21,1844
547,Cemaco,Angel Smith,2015-06-29,383
548,Q&A,Ashley Shannon,2011-10-11,2846
549,Socios S.A.,Gregory Hines,2017-07-17,864
550,Cemaco,Stacy Flores,2010-12-17,2285
551,Q&A,Kristi Watson,2022-09-13,1127
552,FIHCA S.A,Brian Rodriguez,2016-11-04,1932
553,Distribuidora Mariscal,Benjamin Bailey,2011-05-22,862
554,Salsas Don Justo,Stephanie Bryant,2020-09-24,802
555,Kinotipedia,Adam Smith,2017-10-06,2155
556,Lavander�as Lara,Michael Griffin,2015-05-30,1048
557,Antillon,Laura Smith,2015-04-21,2153
558,Lavander�as Lara,Janice Estrada,2016-02-12,3288
559,Fertilizantes Mayafer,Rachel Thompson,2022-03-16,2852
560,Cemaco,Amber Wolfe,2022-09-04,131
561,HH,Brian Whitney,2017-02-09,1526
562,Cemaco,Jason Wells,2018-06-22,1877
563,Cemaco,Theresa Cervantes,2022-06-27,2779
564,Repuestos Aioli,Deborah Mathews,2023-11-27,2558
565,Repuestos Acquoni,Billy Costa,2015-04-04,537
566,HH,Justin Rodriguez,2010-10-08,131
567,Q&A,Vanessa Brown,2021-07-27,476
568,Repuestos Acquoni,Megan Walker,2014-10-06,1431
569,Farmacias Andoni-Mazza,Allen Lee,2017-03-01,2082
570,Kinotipedia,Mrs. Cathy Martin,2019-03-25,2980
571,Farmacias Andoni-Mazza,Ruth Sharp,2020-09-01,3311
572,Cemaco,Scott Cantu,2013-07-04,2965
573,Kinotipedia,John Reynolds,2012-01-28,2858
574,Muebles El Roble,Timothy Jenkins,2021-11-21,1163
575,HH,Deanna Hernandez,2014-04-11,2609
576,Lavander�as Lara,Christopher Jensen,2023-04-27,717
577,Farmacias R&R,Jacob Young,2019-08-28,2286
578,Repuestos Aioli,Deanna Trevino,2023-12-23,466
579,FIHCA S.A,Ashley Ortiz,2016-12-10,1216
580,Muebles El Roble,William Lawson,2014-06-02,2682
581,FIHCA S.A,Eileen Ramos,2018-02-23,1912
582,Farmacias R&R,Mr. Jason Osborne II,2014-01-16,118
583,Supermercados Fahsen,Jonathan Price,2010-03-10,3492
584,Farmacias R&R,Emily Daniel,2020-02-16,2019
585,HH,Sarah Castillo,2023-07-02,2825
586,EPA,Jennifer Hodges,2020-11-20,45
587,Supermercados Fahsen,Christine Peterson,2018-06-01,2280
588,Q&A,Ryan Shaw,2016-01-03,2324
589,HH,Barbara Walker,2010-10-18,1669
590,Distribuidora Mariscal,Stacy Brown,2012-06-09,1477
591,Distribuidora Mariscal,Danielle Allen,2021-04-04,744
592,Socios S.A.,Kelly Marshall,2017-07-14,3111
593,Kinotipedia,Margaret Robinson,2014-01-16,845
594,HH,Alfred Weber,2014-09-27,2755
595,Repuestos Aioli,Lauren Garcia,2019-10-08,1464
596,Cemaco,Timothy Bush,2017-11-10,2998
597,HH,Cassidy Simmons,2023-05-06,1560
598,Antillon,Mr. Jason Osborne II,2018-09-01,634
599,Q&A,Adam Anderson,2021-03-10,628
600,EPA,Erin Allen,2016-02-15,581
601,Salsas Don Justo,Joshua Woodard,2013-03-09,1356
602,Repuestos Aioli,Kyle Kennedy,2013-07-08,2231
603,Farmacias R&R,Adam Hicks,2015-11-04,2906
604,Productos Toledo,Timothy Williams,2010-03-17,396
605,EPA,Christopher Williams,2023-06-15,3435
606,Farmacias Andoni-Mazza,Sandra Murphy,2019-08-05,1732
607,Repuestos Acquoni,James Quinn,2021-04-01,1237
608,Kinotipedia,David Murphy,2014-02-04,2237
609,Farmacias R&R,Brian Bentley,2012-06-20,3263
610,Salsas Don Justo,Isaac Simmons,2013-03-26,187
611,Lavander�as Lara,Holly Rodgers,2023-10-04,1824
612,Fertilizantes Mayafer,Dana Ramos,2021-05-08,2023
613,Q&A,Eric Adams,2014-08-02,1708
614,Socios S.A.,Christopher Wiley,2020-09-27,3260
615,Farmacias R&R,Tiffany Gonzales,2014-05-10,380
616,Ferreter�as Coronado,Susan Copeland,2013-08-15,2900
617,Q&A,Melinda Lutz,2010-04-01,2067
618,Muebles El Roble,Annette Smith,2013-10-03,693
619,Fertilizantes Mayafer,Jessica Baker,2021-08-26,253
620,Q&A,Jacob Costa,2018-04-14,2322
621,Distribuidora Mariscal,Brittany Mckay,2010-07-07,1792
622,Repuestos Aioli,Amber Wolfe,2016-07-03,1298
623,Repuestos Aioli,Kenneth Moore,2019-02-05,38
624,FIHCA S.A,Rachel Powell,2013-04-25,893
625,FIHCA S.A,Jerry Short,2011-12-16,819
626,Cemaco,Richard Wright,2022-06-19,125
627,Distribuidora Mariscal,Marcus May,2013-01-30,739
628,Farmacias Andoni-Mazza,David Estes,2019-04-03,1152
629,Ferreter�as Coronado,Megan Thomas,2016-09-23,254
630,Muebles El Roble,Dr. Kevin Wood DVM,2016-02-04,328
631,Supermercados Fahsen,Jillian Wang,2015-11-02,2870
632,EPA,Brett Gay,2023-04-24,480
633,HH,Ronald Potter,2010-10-21,1038
634,Kinotipedia,Jose Carey,2019-12-10,725
635,Cemaco,Pamela Perry,2010-06-12,948
636,Farmacias Andoni-Mazza,Joseph Duncan,2019-04-19,73
637,Cemaco,Ashley Freeman,2014-05-27,1408
638,Repuestos Acquoni,Patricia Robertson,2012-12-05,1716
639,HH,Sean Davidson,2014-07-08,723
640,Farmacias R&R,Dawn Lin,2015-09-14,2002
641,Farmacias Andoni-Mazza,Teresa Singleton,2015-09-26,896
642,Cemaco,Sarah Castillo,2023-01-05,1881
643,Cemaco,Megan Thomas,2011-06-06,2784
644,Kinotipedia,Nicholas Santiago Jr.,2014-09-04,3470
645,EPA,Cassidy Simmons,2018-10-25,1648
646,Supermercados Fahsen,Dawn Weiss,2023-07-27,3244
647,Supermercados Fahsen,Ronald Potter,2020-06-21,2243
648,Distribuidora Mariscal,Marcia Wheeler,2022-12-29,157
649,Ferreter�as Coronado,Cheryl Long,2016-07-17,2313
650,EPA,Tara Mullen,2022-08-29,83
651,Supermercados Fahsen,Suzanne Johnson,2011-07-13,3030
652,FIHCA S.A,Nicholas Santiago Jr.,2018-10-09,2924
653,Farmacias Andoni-Mazza,Christopher Williams,2014-11-02,734
654,Cemaco,Shelby Russell,2011-09-29,926
655,FIHCA S.A,Megan Mcdonald,2021-01-23,2699
656,Antillon,Gina Durham,2012-02-04,2283
657,Q&A,Paul Campbell,2019-02-24,42
658,Cemaco,Isaac Simmons,2022-09-08,373
659,Lavander�as Lara,Dorothy Rowland,2017-10-14,2070
660,Lavander�as Lara,Mike Keith,2019-11-26,1949
661,Farmacias R&R,Emily Brown,2010-03-27,1790
662,Farmacias Andoni-Mazza,Matthew Brown,2018-09-26,200
663,Productos Toledo,Anne Webb,2012-05-23,454
664,Kinotipedia,Heather Taylor,2019-08-22,3236
665,Kinotipedia,Stephanie Fuentes,2019-09-04,3369
666,Farmacias Andoni-Mazza,Willie Juarez,2011-08-10,211
667,EPA,Brian Harris,2012-03-16,2480
668,Q&A,Thomas Munoz,2022-02-28,1525
669,Repuestos Aioli,Sally Williams,2011-08-02,1240
670,Salsas Don Justo,Felicia Sandoval,2010-04-11,183
671,EPA,William Lawson,2015-10-15,40
672,Fertilizantes Mayafer,John Bennett,2014-03-18,934
673,Socios S.A.,Ashley Gibbs,2018-05-23,1962
674,Fertilizantes Mayafer,Eric Carter,2017-04-29,2390
675,Repuestos Aioli,Adam Marshall,2013-06-06,3077
676,Muebles El Roble,Michael Caldwell,2011-12-14,2964
677,Farmacias R&R,Laurie Bryant,2014-12-07,2344
678,Farmacias R&R,Jeremy Byrd,2019-08-25,848
679,Fertilizantes Mayafer,Jack Smith,2018-08-05,2654
680,Productos Toledo,Tracy Stephens,2017-02-14,2707
681,Salsas Don Justo,Omar Jackson,2020-11-21,202
682,Lavander�as Lara,Amanda Evans,2014-11-09,2961
683,Socios S.A.,Allen Lee,2013-04-28,145
684,Repuestos Acquoni,Ashley Park,2023-12-27,2046
685,Ferreter�as Coronado,Debra Andersen,2013-01-02,3035
686,Ferreter�as Coronado,Melissa Medina,2018-08-29,2611
687,Socios S.A.,Christy Walker,2023-10-22,259
688,Fertilizantes Mayafer,Blake Russell,2014-11-09,1473
689,Repuestos Aioli,John Reynolds,2013-06-17,2586
690,Ferreter�as Coronado,Jeremy Byrd,2023-04-04,2954
691,Farmacias Andoni-Mazza,Perry Cordova,2021-11-14,3331
692,Repuestos Acquoni,Christy Walker,2018-06-14,1978
693,Socios S.A.,Patrick Barber,2010-03-31,432
694,Farmacias R&R,Kristine Davis,2019-10-07,1864
695,Q&A,Whitney Norman,2022-02-14,1225
696,Farmacias Andoni-Mazza,Janice Estrada,2016-05-01,597
697,FIHCA S.A,Chase Page,2019-12-08,1808
698,Salsas Don Justo,Thomas Kim,2019-08-19,1187
699,Muebles El Roble,Vanessa Mclean,2021-09-20,1275
700,Farmacias Andoni-Mazza,Carrie Bean,2016-10-22,1331
701,Salsas Don Justo,Heather Taylor,2021-03-18,2506
702,Ferreter�as Coronado,Brandon Miller,2016-06-29,2021
703,Distribuidora Mariscal,Angela Phillips,2023-12-31,2924
704,Cemaco,Matthew Walsh,2019-02-16,1060
705,Supermercados Fahsen,Donald Davis,2011-07-29,2383
706,Supermercados Fahsen,Janet Barr,2011-12-21,1810
707,Antillon,Andrea Gilbert,2020-07-24,540
708,Repuestos Aioli,Angela Wood,2015-06-12,3092
709,Fertilizantes Mayafer,Anna Wright,2010-05-27,555
710,Ferreter�as Coronado,Michelle Cross,2019-04-19,1683
711,Farmacias R&R,Anna Cannon,2023-05-09,3318
712,Cemaco,Sandra Riley,2014-09-27,393
713,Repuestos Acquoni,Gregory Ferguson,2014-02-23,857
714,Productos Toledo,Steven Hurst,2016-02-27,2177
715,HH,Johnny Rogers,2016-10-18,2401
716,Distribuidora Mariscal,Rebecca May,2010-05-19,2582
717,Q&A,Megan Mcdonald,2018-06-21,1642
718,Fertilizantes Mayafer,Joe Smith,2020-07-05,1186
719,Fertilizantes Mayafer,Karen Ramirez,2021-05-23,3444
720,Repuestos Acquoni,Amy Mckinney,2011-08-13,359
721,Distribuidora Mariscal,Diane Ford,2023-09-19,1009
722,Ferreter�as Coronado,Elizabeth Estes,2014-04-29,3190
723,Distribuidora Mariscal,Janice Estrada,2016-11-12,229
724,Repuestos Acquoni,Thomas Kim,2015-10-05,2530
725,Q&A,Kenneth Cruz,2020-02-23,813
726,Ferreter�as Coronado,Ryan Shaw,2018-07-13,932
727,Muebles El Roble,Jacob Young,2018-11-03,2163
728,FIHCA S.A,Keith White,2021-03-30,3240
729,Kinotipedia,Michelle Scott,2022-05-10,3415
730,Distribuidora Mariscal,Sherri Adams,2011-06-20,3010
731,Kinotipedia,Stacy Hughes,2015-08-02,1976
732,Repuestos Aioli,William Griffith,2017-07-09,418
733,Salsas Don Justo,Joshua Woodard,2021-11-02,2874
734,Distribuidora Mariscal,Andrew Ball,2021-10-11,958
735,Cemaco,Deanna Hernandez,2015-08-15,180
736,Repuestos Acquoni,William Griffith,2011-01-29,29
737,Fertilizantes Mayafer,Mary Sampson,2018-06-07,3062
738,Socios S.A.,Jaclyn Evans,2012-11-09,2285
739,Repuestos Acquoni,Jessica Baker,2014-01-06,3310
740,Cemaco,Brittany Ferguson,2014-02-15,2918
741,Fertilizantes Mayafer,Joshua Mullins,2012-02-23,287
742,HH,William Thomas,2019-10-14,929
743,Repuestos Aioli,Crystal Erickson,2018-02-08,1514
744,Kinotipedia,Jennifer Hodges,2017-12-09,3293
745,Antillon,Michael Miller,2014-10-22,1255
746,Lavander�as Lara,Sherri Adams,2010-07-03,2632
747,Farmacias Andoni-Mazza,Monica Brown,2018-04-01,869
748,Cemaco,Kevin Carrillo,2013-08-19,209
749,Q&A,Bailey Green,2013-09-10,1432
750,Salsas Don Justo,Gina Durham,2020-01-04,3342
751,Supermercados Fahsen,Laurie Bryant,2013-07-03,1919
752,Muebles El Roble,Ethan Mayo,2019-03-11,2787
753,HH,Randy Andrews,2015-11-04,2538
754,Muebles El Roble,Bradley Wallace,2015-08-03,2344
755,Muebles El Roble,Brianna Dunn,2011-05-11,1043
756,Fertilizantes Mayafer,Heather Jackson,2013-06-23,2031
757,Socios S.A.,Jessica Baker,2014-10-27,1221
758,Repuestos Acquoni,Matthew Walsh,2022-04-24,2544
759,Muebles El Roble,Jaclyn Evans,2014-07-09,599
760,HH,Michael Thomas,2022-09-13,3348
761,Repuestos Acquoni,Cassandra Smith,2010-11-28,2789
762,Ferreter�as Coronado,Marcus May,2016-04-25,2764
763,Supermercados Fahsen,Jacob Davis,2017-12-31,1582
764,FIHCA S.A,Elizabeth Washington,2012-11-22,143
765,Distribuidora Mariscal,Paul Campbell,2016-05-03,3380
766,Kinotipedia,Kimberly Tapia,2019-05-19,594
767,Productos Toledo,Jennifer Duran,2023-11-06,1682
768,Fertilizantes Mayafer,Stephen Diaz,2012-06-30,125
769,Salsas Don Justo,Willie Juarez,2012-10-09,2965
770,Kinotipedia,Tracy Bond,2011-01-03,750
771,Repuestos Acquoni,Leah Crawford,2021-09-15,1883
772,Socios S.A.,Johnny Rogers,2023-10-13,2330
773,Distribuidora Mariscal,Kelly Marshall,2010-07-27,632
774,Lavander�as Lara,Sandra Murphy,2013-04-29,2547
775,HH,Russell Sims,2013-06-16,377
776,Ferreter�as Coronado,Michelle Cross,2012-08-11,2314
777,Farmacias Andoni-Mazza,Melissa Medina,2011-12-08,3105
778,Farmacias Andoni-Mazza,Teresa Berger,2023-07-28,2970
779,Lavander�as Lara,Brittany Ferguson,2014-01-26,1656
780,FIHCA S.A,Bradley Nguyen,2022-09-16,52
781,FIHCA S.A,Russell Smith,2020-09-30,3022
782,Distribuidora Mariscal,Brett Johnson,2013-11-25,1751
783,Q&A,Joshua Cervantes,2019-05-31,2508
784,Repuestos Aioli,Jonathan Murray,2010-03-04,1962
785,Supermercados Fahsen,Pamela Boyd,2018-09-14,3431
786,Repuestos Acquoni,Michael Williams,2011-05-25,2872
787,HH,Timothy Boyd,2013-03-16,1064
788,Productos Toledo,Keith White,2017-10-18,2528
789,Ferreter�as Coronado,Ashley Cameron,2017-09-11,371
790,Distribuidora Mariscal,Angel Smith,2010-10-26,1283
791,Repuestos Aioli,Angela Phillips,2010-08-20,1332
792,Farmacias R&R,Bryan Harris,2013-06-16,2118
793,Socios S.A.,Bradley Wallace,2019-05-01,829
794,Salsas Don Justo,Michelle Scott,2019-05-07,373
795,Muebles El Roble,Teresa Singleton,2010-10-22,2741
796,Cemaco,James James,2022-09-13,526
797,Salsas Don Justo,Yesenia Shaw,2011-09-15,616
798,Repuestos Aioli,Sara Wood,2022-07-26,994
799,Supermercados Fahsen,Shelby Ramos,2014-12-09,2966
800,FIHCA S.A,Casey Franklin,2018-07-30,480
801,EPA,Jesse Hardin,2011-11-17,1986
802,Fertilizantes Mayafer,Andrea Wilson,2020-12-05,2348
803,HH,William Sheppard,2017-08-09,2886
804,Antillon,Andrew Russo,2023-11-20,394
805,Muebles El Roble,Brittany Ferguson,2015-01-25,3138
806,Antillon,Johnny Smith,2018-11-05,2180
807,Kinotipedia,Robert Porter,2016-05-27,1434
808,Fertilizantes Mayafer,Mrs. Susan Carr,2018-01-21,709
809,Repuestos Acquoni,Robert Park,2018-12-21,3362
810,Kinotipedia,Jennifer Price,2022-04-25,1833
811,HH,Frederick Chavez,2017-06-15,945
812,Salsas Don Justo,John Martinez,2013-07-27,624
813,Farmacias Andoni-Mazza,Brittany Ferguson,2015-05-02,1752
814,FIHCA S.A,Donald Davis,2019-07-16,2418
815,Muebles El Roble,Theresa Davis,2021-02-03,2923
816,Fertilizantes Mayafer,Sara Wood,2014-04-14,2128
817,Productos Toledo,Richard Wright,2018-09-13,3286
818,Supermercados Fahsen,Karen Kirby,2010-09-01,43
819,Repuestos Aioli,Kristen Mcfarland,2011-04-14,1112
820,Distribuidora Mariscal,Amy Mckinney,2013-09-26,2817
821,FIHCA S.A,Justin Moore,2019-07-07,1104
822,Cemaco,Kelly Marshall,2018-04-28,43
823,Supermercados Fahsen,Jennifer Price,2010-05-19,510
824,Antillon,Jonathan Lindsey,2022-11-12,2092
825,Kinotipedia,Tiffany Stafford,2022-03-30,1801
826,Salsas Don Justo,Stephanie Fuentes,2014-04-12,900
827,EPA,Alec Hopkins,2012-05-24,1187
828,Ferreter�as Coronado,Juan Thomas,2012-02-13,2225
829,Lavander�as Lara,Casey Martinez,2021-01-30,2607
830,Fertilizantes Mayafer,Jill Ramirez,2013-03-24,2537
831,Repuestos Acquoni,David Henderson,2011-05-06,2491
832,Farmacias Andoni-Mazza,Brooke Cox,2023-12-05,2847
833,Cemaco,Kenneth Moore,2019-02-09,3129
834,Ferreter�as Coronado,Jordan Saunders,2017-08-20,914
835,Lavander�as Lara,Andrew Ball,2023-01-04,445
836,Productos Toledo,Dorothy Rowland,2020-01-07,2552
837,FIHCA S.A,Christopher Hughes,2014-04-02,1755
838,Lavander�as Lara,Margaret Robinson,2016-01-30,789
839,Socios S.A.,Hannah Wu,2013-04-06,1465
840,Q&A,Francis Peterson,2017-09-04,1345
841,Socios S.A.,Eric Snyder,2021-05-15,2605
842,Ferreter�as Coronado,Keith Haley,2021-06-18,1235
843,EPA,Cody Hansen,2013-09-28,2995
844,Repuestos Aioli,Robert Porter,2018-01-12,2325
845,EPA,Jessica Kelly,2014-07-01,1655
846,Salsas Don Justo,Karl Camacho,2018-07-13,2091
847,Supermercados Fahsen,Renee Melton,2013-03-17,880
848,FIHCA S.A,Elizabeth Washington,2023-05-08,1317
849,Supermercados Fahsen,Mrs. Jamie Riley DDS,2020-09-07,3367
850,Ferreter�as Coronado,David Nelson,2010-01-11,3263
851,Lavander�as Lara,Diane Ford,2022-09-13,2568
852,Farmacias Andoni-Mazza,Christopher Webster,2014-01-20,1042
853,Productos Toledo,Jo Soto,2016-02-28,2117
854,Socios S.A.,Elizabeth Jackson,2015-01-03,667
855,Muebles El Roble,Rebecca Todd,2012-08-25,80
856,Muebles El Roble,Rachel Walker,2015-07-10,3165
857,Salsas Don Justo,Kristina Manning,2013-02-16,3375
858,Productos Toledo,Whitney Norman,2012-12-17,1486
859,FIHCA S.A,Daniel Hendricks,2023-08-25,2469
860,Lavander�as Lara,John Bennett,2010-05-30,358
861,Productos Toledo,Jessica Kelly,2019-05-27,325
862,Socios S.A.,Mrs. Julie Mendez,2016-10-17,791
863,Salsas Don Justo,Marissa Evans,2016-11-22,95
864,Repuestos Aioli,Frederick Chavez,2018-09-01,1850
865,EPA,Mrs. Susan Carr,2012-09-24,1832
866,Productos Toledo,Christine Phillips,2022-07-31,3317
867,Kinotipedia,Brandon Archer,2018-11-14,3011
868,Muebles El Roble,Sean Foster,2014-10-08,2153
869,Cemaco,Teresa Singleton,2014-09-27,2549
870,HH,Kristen Landry,2015-05-12,1267
871,FIHCA S.A,Alexander Rodriguez,2018-05-11,1091
872,Q&A,Brian Frey,2023-10-06,2861
873,Productos Toledo,Alec Hopkins,2010-02-11,395
874,Ferreter�as Coronado,Heidi Riley,2012-11-24,1449
875,Antillon,Brittany Johnson,2015-06-14,2877
876,Kinotipedia,Ruth Sharp,2023-10-13,2588
877,Ferreter�as Coronado,Stacey Ellis,2020-04-23,1911
878,HH,Kristin Rivera,2018-06-20,3453
879,Antillon,Melinda Bowen,2018-05-05,482
880,Distribuidora Mariscal,Alexander Macdonald,2011-11-17,3216
881,Productos Toledo,Andrea Gilbert,2013-05-19,656
882,Cemaco,Stacy Hughes,2012-11-12,642
883,Productos Toledo,Casey Brewer,2016-10-17,142
884,Muebles El Roble,Stephanie Fuentes,2012-02-28,2298
885,HH,Brian Whitney,2013-02-28,2951
886,HH,Megan Mcdonald,2018-11-28,1337
887,FIHCA S.A,Jason Bruce,2014-08-24,120
888,HH,Janice Estrada,2012-03-26,988
889,Supermercados Fahsen,Chase Page,2016-02-14,631
890,Distribuidora Mariscal,Dr. Megan West,2018-04-30,492
891,FIHCA S.A,William Sheppard,2010-08-22,2763
892,Ferreter�as Coronado,Jessica Jensen,2016-05-04,543
893,Farmacias Andoni-Mazza,Angela Phillips,2021-10-16,2447
894,Salsas Don Justo,James Rodriguez,2021-02-08,1375
895,Kinotipedia,Joshua Blake,2018-06-22,563
896,Antillon,Albert Weber,2014-06-26,2456
897,HH,David Nelson,2017-03-31,111
898,Socios S.A.,Joseph Banks,2023-05-05,2136
899,Q&A,Brian Johnson,2018-08-14,2139
900,Farmacias Andoni-Mazza,Angela Phillips,2015-04-12,2137
901,Q&A,James King,2011-02-07,862
902,EPA,Michael Thomas,2023-09-24,2197
903,Antillon,Nathan Morales,2023-10-06,315
904,EPA,John Bennett,2021-07-06,200
905,Socios S.A.,Monica Fisher,2016-05-06,2652
906,Ferreter�as Coronado,Chelsea Cook,2021-10-24,1359
907,EPA,Jesse Sullivan,2019-12-27,562
908,EPA,Mary Sampson,2015-03-15,1848
909,FIHCA S.A,Donna Hutchinson,2019-03-03,2430
910,Ferreter�as Coronado,Sarah West,2021-02-04,1098
911,Muebles El Roble,Patrick Williams,2010-10-18,3486
912,Distribuidora Mariscal,Alfred Weber,2014-05-26,2031
913,Ferreter�as Coronado,Alexander Foster,2016-10-29,1077
914,Repuestos Acquoni,Christopher Hughes,2022-05-30,613
915,Cemaco,Matthew Brown,2021-04-01,474
916,Repuestos Acquoni,Michael Griffin,2022-11-16,1643
917,Farmacias Andoni-Mazza,William Sheppard,2016-02-04,2380
918,Supermercados Fahsen,Sherri Adams,2011-01-03,1107
919,Farmacias R&R,Nicholas Knight,2010-08-09,3394
920,Kinotipedia,Jonathan Lindsey,2019-10-16,879
921,Distribuidora Mariscal,Thomas Powell III,2019-04-14,3146
922,Muebles El Roble,Thomas Brown,2018-03-30,2573
923,Fertilizantes Mayafer,Timothy Jenkins,2014-07-27,3432
924,Farmacias Andoni-Mazza,Vanessa Brown,2015-10-27,1093
925,HH,Gail Brown,2012-02-25,2429
926,Farmacias R&R,Dylan Wilson,2012-04-12,3285
927,Repuestos Acquoni,Chelsea Cook,2020-03-23,800
928,Salsas Don Justo,Sandra Johnson,2020-04-02,1195
929,Kinotipedia,Peggy Hernandez,2013-03-10,1510
930,FIHCA S.A,Taylor Zavala,2016-08-08,2060
931,HH,Derek Fry,2016-02-25,2846
932,Salsas Don Justo,Carrie Chaney,2018-08-11,3173
933,Salsas Don Justo,Jacqueline Daniels,2014-06-16,976
934,Productos Toledo,Joseph Reyes,2020-11-16,2506
935,Repuestos Acquoni,Michael Griffin,2011-06-26,1148
936,Muebles El Roble,Angela Johnson,2012-03-23,2054
937,Farmacias R&R,Kyle Thompson,2013-09-19,3312
938,Distribuidora Mariscal,Lisa Patterson,2016-04-16,1904
939,Fertilizantes Mayafer,Patrick Barber,2021-06-18,563
940,Farmacias R&R,Carrie Chaney,2017-08-19,1612
941,Salsas Don Justo,Brett Gay,2019-08-16,490
942,Distribuidora Mariscal,Christopher Chen,2014-11-04,2179
943,Repuestos Aioli,Sean Foster,2010-07-03,2710
944,Ferreter�as Coronado,Kathleen Perez,2016-04-17,2804
945,Productos Toledo,John Calhoun,2023-01-11,3049
946,Farmacias Andoni-Mazza,Sandra Murphy,2022-05-29,2270
947,Muebles El Roble,Mr. Jason Osborne II,2018-02-09,2707
948,Ferreter�as Coronado,Sherry Jones,2017-11-12,1043
949,Q&A,Chase Page,2023-06-08,2400
950,Ferreter�as Coronado,Angela Young,2019-12-02,32
951,Farmacias R&R,Marcia Wheeler,2021-10-27,3454
952,Repuestos Acquoni,Christopher Webster,2021-04-01,2983
953,Socios S.A.,James King,2017-07-29,1584
954,Salsas Don Justo,Kevin Carrillo,2011-10-23,693
955,HH,Tracy Rivera,2020-11-30,2895
956,Fertilizantes Mayafer,Henry Johnson,2017-04-10,272
957,Salsas Don Justo,Dr. Michael Taylor,2010-06-24,43
958,EPA,Melissa Harvey,2021-04-27,3059
959,Kinotipedia,Larry Gonzalez,2017-02-22,2491
960,Productos Toledo,Jason Wells,2015-11-19,516
961,Antillon,Judy Martin,2021-05-03,259
962,Distribuidora Mariscal,Dylan Wilson,2016-04-17,2860
963,EPA,Andres Proctor,2014-12-21,2019
964,Distribuidora Mariscal,Albert Weber,2013-02-06,1855
965,Distribuidora Mariscal,Elizabeth Estes,2015-04-27,2921
966,Fertilizantes Mayafer,Timothy Jenkins,2019-07-27,2827
967,Ferreter�as Coronado,Amy Logan,2018-03-20,320
968,Q&A,Allen Lee,2014-07-24,3436
969,Antillon,Sarah West,2023-10-24,1573
970,FIHCA S.A,Michael Daniel,2022-04-07,1294
971,Cemaco,Nancy Thornton,2018-08-16,879
972,Farmacias R&R,Amy Matthews,2023-02-24,3277
973,Repuestos Acquoni,Anna Ryan,2022-05-01,190
974,Socios S.A.,Max Montgomery,2017-10-20,3421
975,Fertilizantes Mayafer,Cassandra Meyer,2012-02-05,3391
976,Distribuidora Mariscal,Nicholas Santiago Jr.,2013-04-02,1725
977,Fertilizantes Mayafer,Troy Smith,2016-11-24,1861
978,Productos Toledo,Jo Soto,2010-10-09,397
979,Repuestos Acquoni,Jeremy Byrd,2011-03-14,687
980,Productos Toledo,Jeffrey Gomez,2023-10-18,966
981,Ferreter�as Coronado,Michael Williams,2013-01-10,2992
982,Supermercados Fahsen,Pamela Perry,2016-03-14,391
983,Fertilizantes Mayafer,Dana Wolfe,2014-04-13,3301
984,Farmacias Andoni-Mazza,Alec Hopkins,2014-11-26,3456
985,Repuestos Acquoni,Angela Cooper,2010-04-21,2191
986,Productos Toledo,Patrick Williams,2014-11-12,1963
987,Cemaco,Stephanie Hays,2014-03-24,552
988,Antillon,Ashley Ortiz,2023-10-13,3087
989,Salsas Don Justo,Anthony Massey,2023-02-15,728
990,Ferreter�as Coronado,Kenneth Cruz,2010-11-02,856
991,Productos Toledo,Cassandra Meyer,2013-11-28,2723
992,Fertilizantes Mayafer,James Quinn,2012-10-15,2050
993,Fertilizantes Mayafer,Amy Sutton,2016-11-16,1310
994,Fertilizantes Mayafer,Molly Baker,2020-09-21,1555
995,Productos Toledo,David Ruiz,2013-04-11,1194
996,Repuestos Aioli,Bob Waters,2018-05-25,406
997,Socios S.A.,Mrs. Cathy Martin,2016-08-22,1466
998,Farmacias R&R,Michael Daniel,2011-04-09,226
999,Fertilizantes Mayafer,Chris Brown,2016-12-18,3168
1000,Kinotipedia,Patrick Barber,2016-11-30,3216
1001,Antillon,Jesse Sullivan,2011-11-28,1948
1002,Salsas Don Justo,Brittany Ferguson,2021-12-19,2502
1003,Cemaco,Jacqueline Daniels,2010-06-05,770
1004,Ferreter�as Coronado,Cheryl Robinson,2014-02-24,1803
1005,Farmacias R&R,Ricky Gonzales,2023-04-10,3052
1006,Farmacias Andoni-Mazza,Richard Duran,2020-08-06,3154
1007,Farmacias Andoni-Mazza,Johnny Rogers,2014-02-20,3500
1008,Productos Toledo,Alexander Hunter,2022-06-12,1918
1009,Farmacias Andoni-Mazza,Cody West,2014-03-04,2488
1010,FIHCA S.A,Teresa Berger,2013-12-02,3016
1011,Repuestos Aioli,Whitney Norman,2011-03-24,1496
1012,Farmacias R&R,Kenneth Moore,2015-09-29,1602
1013,Distribuidora Mariscal,Jessica Taylor,2012-11-30,1851
1014,Socios S.A.,Casey Casey,2019-09-12,2633
1015,Supermercados Fahsen,Stacy Hughes,2018-12-05,2618
1016,Repuestos Aioli,Hannah Herrera,2016-09-04,1090
1017,EPA,Timothy Rodriguez,2014-03-28,1150
1018,Antillon,Emily Daniel,2014-04-22,2805
1019,Distribuidora Mariscal,Michael Espinoza,2020-07-09,634
1020,Distribuidora Mariscal,Sandra Lamb,2017-12-16,2916
1021,Salsas Don Justo,Ashlee Willis,2021-11-22,2178
1022,Supermercados Fahsen,Amy Mckinney,2019-12-12,2419
1023,Productos Toledo,Wayne Tate,2020-06-11,1023
1024,Fertilizantes Mayafer,Gregory Hunt,2012-11-28,2890
1025,Q&A,Christine Peterson,2012-07-16,936
1026,Muebles El Roble,Brett Johnson,2011-10-02,3179
1027,Fertilizantes Mayafer,William Thomas,2015-12-22,1412
1028,Supermercados Fahsen,Savannah Bryan,2014-12-21,1648
1029,Cemaco,Joshua Woodard,2013-10-23,1430
1030,Ferreter�as Coronado,Max Montgomery,2020-04-10,3450
1031,Muebles El Roble,Johnathan Anthony,2010-04-27,331
1032,Productos Toledo,Eric Schneider,2017-09-04,828
1033,Farmacias Andoni-Mazza,Lauren Martinez,2012-03-16,3335
1034,Kinotipedia,Dorothy Rowland,2015-03-17,587
1035,Socios S.A.,Brittany Werner,2013-10-02,723
1036,Kinotipedia,Sandra Lamb,2023-08-23,2914
1037,Muebles El Roble,Stacey Parker,2016-09-25,3040
1038,Farmacias R&R,Robert Porter,2016-02-18,3453
1039,EPA,Christopher Wiley,2020-03-27,2788
1040,Farmacias R&R,Angela Cooper,2022-05-14,2713
1041,Ferreter�as Coronado,Christopher Wiley,2014-06-18,1000
1042,Supermercados Fahsen,Marcus May,2015-08-24,708
1043,Repuestos Acquoni,Peggy Hernandez,2020-05-08,2097
1044,EPA,Jennifer Beck,2013-11-09,3265
1045,EPA,Sarah Castillo,2016-03-19,3040
1046,Socios S.A.,Karl Camacho,2015-05-13,91
1047,Muebles El Roble,Casey Martinez,2010-11-17,3407
1048,Kinotipedia,Crystal Erickson,2020-01-25,2100
1049,Supermercados Fahsen,Susan Garcia,2013-06-28,707
1050,Productos Toledo,Fred Williams,2018-02-22,416
1051,Distribuidora Mariscal,Michael French,2015-06-29,2198
1052,Salsas Don Justo,Dawn Weiss,2012-06-27,504
1053,Antillon,Jessica Kelly,2017-01-14,956
1054,Farmacias Andoni-Mazza,Sharon Graves,2014-07-22,1586
1055,Distribuidora Mariscal,Randy Sanchez,2020-05-25,1057
1056,Lavander�as Lara,Sherry Jones,2019-10-01,389
1057,EPA,Billy Costa,2012-11-06,1530
1058,Socios S.A.,Renee Melton,2021-08-30,644
1059,EPA,Hannah Herrera,2016-12-19,613
1060,Fertilizantes Mayafer,Anna Wright,2022-04-15,1977
1061,Repuestos Aioli,Heidi Morris,2018-02-05,1703
1062,Salsas Don Justo,Michele Mitchell,2014-06-26,315
1063,Fertilizantes Mayafer,Leah Crawford,2020-04-23,437
1064,Socios S.A.,Helen Wilson,2018-11-13,685
1065,Fertilizantes Mayafer,Nathan Clayton,2014-10-11,93
1066,FIHCA S.A,Brenda Evans,2021-06-10,823
1067,Ferreter�as Coronado,Mrs. Tammy Castillo,2014-10-11,27
1068,Muebles El Roble,Marco Palmer,2016-02-04,337
1069,Muebles El Roble,Nathan Morales,2011-11-21,722
1070,Antillon,Cheryl Robinson,2017-12-11,364
1071,Productos Toledo,Stacey Parker,2020-10-30,2954
1072,Productos Toledo,Janice Estrada,2016-08-21,1227
1073,Q&A,Elizabeth Estes,2013-09-13,2016
1074,FIHCA S.A,Luis Salazar,2020-09-11,2001
1075,HH,John Davis,2013-11-17,1877
1076,Kinotipedia,Nicholas Knight,2019-10-25,919
1077,Ferreter�as Coronado,Christina Middleton,2018-02-22,307
1078,Q&A,Kim Rodriguez,2023-10-23,851
1079,Fertilizantes Mayafer,Emily Brown,2018-07-12,895
1080,Muebles El Roble,Lisa Patterson,2022-05-26,721
1081,Farmacias R&R,Randy Sanchez,2014-01-29,2077
1082,HH,Scott Barton,2014-02-03,1418
1083,Antillon,Emily Brown,2017-01-26,2791
1084,FIHCA S.A,Briana Mann,2023-03-19,557
1085,FIHCA S.A,Lisa Patterson,2016-11-04,2118
1086,Distribuidora Mariscal,Francis Peterson,2019-06-13,2125
1087,Kinotipedia,Jason Wells,2023-03-29,1336
1088,Muebles El Roble,Melinda Bowen,2013-12-24,1511
1089,Kinotipedia,Jennifer Garner,2010-07-17,597
1090,Repuestos Acquoni,Emma Harris,2013-10-04,2262
1091,Cemaco,Mary Spencer,2010-04-11,2141
1092,Distribuidora Mariscal,Andrew Marshall,2022-12-01,2327
1093,Kinotipedia,Kristi Watson,2017-01-05,151
1094,Q&A,Omar Jackson,2013-08-11,807
1095,Kinotipedia,James Miller,2023-01-14,1116
1096,Farmacias R&R,Henry King,2014-07-14,2621
1097,Q&A,David Murphy,2021-09-10,161
1098,Lavander�as Lara,Christina Middleton,2014-11-29,1405
1099,Farmacias R&R,Jessica Peters,2015-03-01,1319
1100,HH,Teresa Singleton,2019-11-18,183
1101,Supermercados Fahsen,Brett Gay,2020-11-15,2319
1102,Salsas Don Justo,Jennifer Adams,2012-09-27,1223
1103,Cemaco,Dennis Hall,2023-01-17,1981
1104,Muebles El Roble,Christine Haynes,2012-02-05,1752
1105,Repuestos Aioli,Sandra Jones,2017-06-05,1313
1106,Farmacias Andoni-Mazza,Jesse Hardin,2018-03-31,3361
1107,FIHCA S.A,Victor Morrison,2022-01-24,459
1108,Farmacias Andoni-Mazza,Cheryl Long,2014-03-04,852
1109,Productos Toledo,Patricia Walker,2010-05-11,668
1110,Q&A,Scott Cantu,2015-06-26,1955
1111,Kinotipedia,Dana Wolfe,2017-07-12,2212
1112,Repuestos Aioli,Dr. Sarah Miller,2017-05-03,2478
1113,Kinotipedia,Jason Martinez,2017-12-12,3199
1114,Fertilizantes Mayafer,Jesse White,2014-09-15,2221
1115,Fertilizantes Mayafer,Kenneth Williams,2016-02-28,3374
1116,Supermercados Fahsen,Amanda Delgado,2020-05-03,37
1117,Antillon,Melody Lee,2011-03-30,1975
1118,Repuestos Aioli,Timothy Rodriguez,2015-11-07,3222
1119,Ferreter�as Coronado,Heather Ross,2019-09-05,3458
1120,FIHCA S.A,Jennifer Adams,2019-01-21,2518
1121,Muebles El Roble,Taylor Humphrey,2020-05-22,786
1122,Distribuidora Mariscal,John Davis,2019-10-30,1077
1123,HH,Jordan Brown,2021-03-24,1688
1124,Repuestos Aioli,Mark Lutz,2022-04-01,3375
1125,FIHCA S.A,Robert Lee,2018-05-13,2575
1126,Fertilizantes Mayafer,Tracy Bond,2010-05-09,3437
1127,FIHCA S.A,Isaac Simmons,2013-12-28,2124
1128,Q&A,James Rodriguez,2018-07-26,3371
1129,EPA,Brian Bentley,2017-07-27,135
1130,Productos Toledo,Terri Brewer,2011-10-07,403
1131,FIHCA S.A,Sean Davidson,2022-09-19,463
1132,Muebles El Roble,Kendra Kirby,2014-06-13,2155
1133,Fertilizantes Mayafer,Erin Allen,2011-04-17,3461
1134,Supermercados Fahsen,Jennifer Duran,2016-04-06,2650
1135,Salsas Don Justo,Marcus May,2020-06-13,2214
1136,Antillon,Renee Bryant,2016-07-08,3022
1137,Socios S.A.,Sean Davidson,2017-06-27,1582
1138,Supermercados Fahsen,David Lee,2022-03-22,1015
1139,HH,Stacy Peters,2021-02-12,2954
1140,Q&A,Brent Kane,2015-07-06,3222
1141,Salsas Don Justo,Beth Reyes,2019-07-16,3212
1142,Salsas Don Justo,Michael Hernandez,2014-07-13,1712
1143,Fertilizantes Mayafer,Andrea Dunlap,2013-10-15,979
1144,Productos Toledo,Tiffany Stafford,2022-09-13,2780
1145,Repuestos Aioli,Christopher Chen,2013-05-20,3047
1146,Q&A,Brian Mack,2013-02-09,1977
1147,Ferreter�as Coronado,Alexander Macdonald,2011-06-17,3153
1148,Lavander�as Lara,Tyler Wise,2019-01-10,3456
1149,Fertilizantes Mayafer,Amanda Delgado,2019-10-17,2943
1150,Distribuidora Mariscal,Jason Franklin,2023-09-07,508
1151,Kinotipedia,Cynthia Nelson,2018-03-21,1495
1152,Repuestos Acquoni,Christopher Chen,2018-01-11,649
1153,Fertilizantes Mayafer,Joseph Wood,2021-09-16,2421
1154,Productos Toledo,Ashley Shannon,2023-02-11,3235
1155,Supermercados Fahsen,Dawn Lin,2017-09-14,632
1156,Repuestos Aioli,Thomas Wells,2023-04-16,2634
1157,FIHCA S.A,Briana Mann,2014-01-31,1754
1158,Fertilizantes Mayafer,Frederick Wood,2011-12-20,2949
1159,FIHCA S.A,Jillian Wang,2010-04-22,1885
1160,Q&A,Kenneth Moore,2023-10-30,2196
1161,Lavander�as Lara,Megan Walker,2011-11-07,2600
1162,Fertilizantes Mayafer,Randy Andrews,2017-03-03,721
1163,HH,Melinda Klein,2012-03-15,371
1164,FIHCA S.A,Timothy Sullivan,2023-09-05,3362
1165,Kinotipedia,Vicki Young,2011-11-25,1999
1166,Repuestos Aioli,Christopher Williams,2022-12-10,796
1167,Distribuidora Mariscal,Anthony Massey,2023-10-30,1653
1168,Repuestos Aioli,Casey Casey,2023-12-18,1414
1169,FIHCA S.A,Dawn Lin,2019-07-18,1433
1170,Socios S.A.,Heather Jackson,2015-08-24,3058
1171,Productos Toledo,Tonya Williams,2015-06-01,597
1172,FIHCA S.A,Timothy Rodriguez,2019-03-02,2544
1173,Q&A,Mr. Jason Osborne II,2016-08-30,1167
1174,Repuestos Acquoni,Shannon Rasmussen,2018-05-07,1323
1175,Repuestos Acquoni,Rebecca Todd,2018-11-14,1436
1176,Cemaco,Margaret Robinson,2015-11-21,642
1177,EPA,Candace Gordon,2021-11-09,972
1178,Q&A,Nancy Mccoy,2018-01-26,763
1179,Socios S.A.,Christopher Hughes,2011-03-21,2295
1180,FIHCA S.A,Nancy Mccoy,2016-04-22,3280
1181,Supermercados Fahsen,Kristine Davis,2023-04-30,3070
1182,Kinotipedia,Elizabeth Black,2019-07-18,402
1183,Ferreter�as Coronado,Steven Ruiz,2011-08-30,355
1184,Salsas Don Justo,Brandon Miller,2019-12-23,868
1185,Repuestos Acquoni,Meghan Calderon,2013-09-20,1588
1186,Lavander�as Lara,Adam Smith,2014-05-22,1503
1187,Fertilizantes Mayafer,Megan Cooper,2022-12-01,208
1188,Ferreter�as Coronado,Amanda Montoya,2017-09-05,1677
1189,Q&A,Lisa Fleming,2021-06-11,1098
1190,HH,Mr. Jason Osborne II,2015-04-18,1102
1191,Farmacias R&R,Elizabeth Estes,2018-06-26,523
1192,Lavander�as Lara,Tracy Stephens,2016-04-11,1475
1193,EPA,Jeremy Byrd,2014-10-28,3467
1194,Repuestos Aioli,Sandra Johnson,2020-02-29,2765
1195,Lavander�as Lara,Steven Patel,2021-05-08,1963
1196,Farmacias Andoni-Mazza,David Anderson,2012-11-08,202
1197,Lavander�as Lara,Christopher Wiley,2010-09-14,2989
1198,Muebles El Roble,Andrea Wilson,2023-09-28,1077
1199,EPA,Heidi Riley,2019-05-07,981
1200,Cemaco,Jonathan Murray,2012-04-20,775
1201,Distribuidora Mariscal,Cassidy Simmons,2023-10-31,404
1202,Kinotipedia,Heather Smith,2010-06-18,2601
1203,Ferreter�as Coronado,Sally Williams,2010-06-12,1373
1204,Repuestos Acquoni,Gerald Nicholson,2010-11-22,2664
1205,Repuestos Aioli,Darius Gray,2023-08-14,2424
1206,Supermercados Fahsen,Omar Jackson,2015-08-04,2614
1207,Salsas Don Justo,Sherry Jones,2022-12-11,3269
1208,Fertilizantes Mayafer,Bradley Wallace,2017-08-09,3228
1209,Q&A,Michelle Scott,2021-09-23,591
1210,Antillon,Jessica Jensen,2013-02-15,151
1211,HH,Christina Camacho,2017-12-23,403
1212,Antillon,Ashley Freeman,2016-01-14,411
1213,Salsas Don Justo,Lauren Martinez,2021-08-17,1422
1214,Supermercados Fahsen,Theresa Cervantes,2019-12-19,1155
1215,Fertilizantes Mayafer,Mr. Logan Hamilton,2017-03-23,2596
1216,Productos Toledo,Kathryn Adams,2016-12-21,3127
1217,Lavander�as Lara,Nathan Morales,2017-08-29,2482
1218,HH,Nancy Sanford,2013-04-07,3203
1219,Antillon,John Meyer,2020-05-11,2915
1220,Repuestos Aioli,Thomas Davila,2011-10-23,1400
1221,Ferreter�as Coronado,Steven Hurst,2021-03-10,2774
1222,Cemaco,Kurt Blair,2014-09-22,2265
1223,Kinotipedia,Christine Hernandez,2010-03-15,931
1224,Farmacias R&R,Andrew Marshall,2021-03-16,2824
1225,Repuestos Acquoni,Eric Schneider,2010-09-05,2370
1226,Repuestos Acquoni,Brittany Clark,2013-06-14,622
1227,Kinotipedia,Robert Price,2013-05-22,1733
1228,EPA,Maria Haney,2020-09-27,2669
1229,FIHCA S.A,Sandra Riley,2016-12-28,1787
1230,Repuestos Acquoni,Thomas Davila,2012-04-08,235
1231,Antillon,Cody West,2020-08-11,855
1232,Lavander�as Lara,Daniel Hendricks,2017-03-23,2595
1233,Repuestos Aioli,Ray Valdez,2018-07-14,2000
1234,Ferreter�as Coronado,Anna Ryan,2012-10-30,1475
1235,Lavander�as Lara,Jeffery Garcia DDS,2015-06-12,48
1236,HH,Andrew Russo,2021-04-13,693
1237,Ferreter�as Coronado,Laurie Bryant,2018-12-16,2016
1238,Distribuidora Mariscal,Cynthia Nelson,2023-02-19,2555
1239,Q&A,Gail Brown,2020-05-18,2363
1240,Socios S.A.,Ricky Gonzales,2023-08-08,1588
1241,Cemaco,Crystal Erickson,2016-07-09,794
1242,Distribuidora Mariscal,Deborah Martin,2018-03-08,99
1243,Ferreter�as Coronado,Daniel Hendricks,2022-02-04,591
1244,Farmacias R&R,Melinda Riddle,2023-12-19,3253
1245,Socios S.A.,Michael French,2015-02-28,270
1246,Socios S.A.,Heather Ross,2012-03-24,270
1247,Distribuidora Mariscal,Randy Sanchez,2012-03-07,857
1248,Ferreter�as Coronado,Joseph Reyes,2017-09-06,350
1249,HH,Troy Smith,2010-06-12,330
1250,Distribuidora Mariscal,Randy Andrews,2015-11-29,3036
1251,Salsas Don Justo,Suzanne Lawrence,2020-01-20,348
1252,Lavander�as Lara,Hannah Herrera,2014-01-16,453
1253,Kinotipedia,Kayla Powell,2012-12-07,2105
1254,Fertilizantes Mayafer,Michael Bullock,2022-01-09,664
1255,Kinotipedia,Kristina Manning,2021-06-28,1084
1256,Distribuidora Mariscal,Donna Wilson,2013-03-30,2755
1257,Supermercados Fahsen,Melissa Maldonado,2012-06-23,1898
1258,Ferreter�as Coronado,Vanessa Mclean,2010-03-29,1020
1259,Productos Toledo,Roger Shaffer,2018-11-10,2309
1260,Supermercados Fahsen,Tracy Rivera,2011-06-23,1020
1261,Distribuidora Mariscal,Adam Gilbert,2019-01-10,1395
1262,Repuestos Acquoni,Timothy Sullivan,2012-11-20,2301
1263,Ferreter�as Coronado,Tony Brewer,2012-01-09,2814
1264,FIHCA S.A,Jose Cook,2020-11-24,771
1265,Salsas Don Justo,David Rowe,2019-03-19,999
1266,Q&A,Karen Mcclain,2019-12-20,908
1267,Kinotipedia,Tyler Sanders,2019-11-20,2519
1268,Repuestos Acquoni,Sarah West,2020-06-26,1491
1269,Lavander�as Lara,Heidi Morris,2019-02-26,3374
1270,FIHCA S.A,Kevin Carrillo,2023-08-23,2719
1271,Distribuidora Mariscal,Gregory Hill,2020-02-15,3418
1272,FIHCA S.A,Danielle Allen,2019-01-01,3211
1273,Distribuidora Mariscal,Ronnie Murphy,2014-05-13,1769
1274,Productos Toledo,Donna Hutchinson,2022-12-13,421
1275,FIHCA S.A,Kristen Mcfarland,2018-05-31,642
1276,Repuestos Aioli,Christina Camacho,2012-03-13,2662
1277,HH,Holly Rodgers,2015-11-12,942
1278,FIHCA S.A,Casey Casey,2017-06-18,1890
1279,Socios S.A.,Casey Brewer,2014-07-22,3330
1280,Socios S.A.,John Martinez,2023-09-30,91
1281,Productos Toledo,Elizabeth Smith,2019-04-19,2052
1282,Lavander�as Lara,Brandon Henry,2018-07-07,2988
1283,Repuestos Aioli,Steven Patel,2011-10-02,988
1284,EPA,Robert Smith,2018-12-14,3169
1285,Productos Toledo,Scott Williams,2021-09-09,2327
1286,Repuestos Aioli,Carrie Chaney,2021-04-19,2028
1287,Farmacias Andoni-Mazza,Christopher James,2020-02-02,808
1288,Q&A,Emily Daniel,2018-09-29,1946
1289,EPA,Sally Williams,2022-01-08,1839
1290,Kinotipedia,Elizabeth Washington,2017-05-20,1421
1291,Q&A,Anthony Massey,2012-08-13,1906
1292,HH,Leah Crawford,2013-01-31,2932
1293,Cemaco,Stephen Martin,2016-04-22,1365
1294,Distribuidora Mariscal,Tyler Wise,2013-05-06,2208
1295,Kinotipedia,Jeremy Byrd,2016-12-23,343
1296,Q&A,Randy Sanchez,2019-10-02,1744
1297,Repuestos Acquoni,Carrie Chaney,2016-11-12,3296
1298,Ferreter�as Coronado,Nathan Morales,2018-09-23,1140
1299,EPA,Karen Ramirez,2022-06-13,676
1300,Farmacias R&R,Allen Lee,2014-08-21,2371
1301,Kinotipedia,Francis Peterson,2010-12-29,3240
1302,FIHCA S.A,Omar Jackson,2014-12-02,1213
1303,Q&A,Nancy Sanford,2016-03-02,2802
1304,Ferreter�as Coronado,Max Montgomery,2016-06-16,605
1305,Farmacias Andoni-Mazza,Jason Leon,2017-08-26,2835
1306,Lavander�as Lara,Elizabeth Smith,2015-04-22,290
1307,EPA,Mark Phillips,2017-09-04,3169
1308,FIHCA S.A,Joseph Reyes,2014-09-10,130
1309,Ferreter�as Coronado,Johnny Smith,2020-11-19,1990
1310,Lavander�as Lara,Kristen Landry,2021-03-19,2346
1311,Farmacias R&R,Angela Wood,2020-10-23,1189
1312,Farmacias R&R,Ashley Cameron,2012-04-04,1002
1313,Q&A,Amber Wolfe,2017-05-30,185
1314,Supermercados Fahsen,Regina Cox,2011-03-14,350
1315,Kinotipedia,Russell Sims,2016-01-11,2289
1316,Q&A,Jennifer Hodges,2010-11-14,174
1317,EPA,Derek Fry,2012-06-13,1231
1318,Fertilizantes Mayafer,Christopher Mcdonald,2022-06-01,1472
1319,Kinotipedia,Theresa Cervantes,2011-01-27,2054
1320,HH,Sabrina Gill,2022-10-17,2905
1321,Ferreter�as Coronado,Michele Mitchell,2012-12-21,2824
1322,HH,Courtney Kemp,2014-10-30,3245
1323,Productos Toledo,Justin Moore,2023-07-12,1993
1324,Farmacias R&R,Michael Henry,2014-09-03,1461
1325,Antillon,William Mclaughlin,2011-03-30,247
1326,FIHCA S.A,David Murphy,2013-11-17,3280
1327,Cemaco,Molly Baker,2012-10-06,2657
1328,Repuestos Acquoni,Amy Mckinney,2010-12-25,1453
1329,Repuestos Aioli,William Griffith,2017-06-21,1081
1330,Productos Toledo,Scott Williams,2023-06-18,2088
1331,Salsas Don Justo,David Estes,2013-09-20,1853
1332,Antillon,Alexander Hunter,2016-05-13,1763
1333,Supermercados Fahsen,Eric Snyder,2016-11-03,2194
1334,Cemaco,Mrs. Jamie Riley DDS,2019-02-26,3322
1335,Farmacias R&R,Aaron Craig,2018-12-07,96
1336,Productos Toledo,Patrick Alvarez,2014-11-03,820
1337,Muebles El Roble,Benjamin Smith,2023-12-27,1669
1338,Distribuidora Mariscal,Brittany Ferguson,2017-07-10,337
1339,Salsas Don Justo,Janet Barr,2014-07-18,430
1340,Fertilizantes Mayafer,Jason Bruce,2015-12-06,2332
1341,Repuestos Acquoni,Christopher Sullivan,2021-03-22,3090
1342,Antillon,Kim Orozco,2015-11-23,696
1343,Salsas Don Justo,Matthew Rodriguez,2022-03-27,1372
1344,Repuestos Acquoni,Kelli Berry,2020-05-24,142
1345,Kinotipedia,Patrick Williams,2010-10-25,693
1346,Farmacias R&R,Melinda Bowen,2011-12-08,517
1347,Distribuidora Mariscal,John Hall,2016-02-29,2890
1348,HH,Brittany Mckay,2022-08-17,3196
1349,Antillon,Russell Smith,2022-01-27,417
1350,HH,Kelly Villegas,2015-10-09,3270
1351,Supermercados Fahsen,Denise Johnson,2017-01-02,1887
1352,Repuestos Acquoni,Marco Palmer,2021-08-22,1423
1353,Farmacias R&R,Stacy Peters,2012-05-04,2871
1354,Kinotipedia,Dr. Megan West,2023-04-07,2067
1355,FIHCA S.A,Meghan Calderon,2019-02-26,3489
1356,Fertilizantes Mayafer,Eric Adams,2010-05-11,1112
1357,Socios S.A.,Theresa Cervantes,2023-07-21,2575
1358,Fertilizantes Mayafer,Sherry Jones,2010-02-10,1727
1359,Antillon,Anna Ryan,2019-01-16,2301
1360,Farmacias Andoni-Mazza,Jacob Costa,2012-09-18,1912
1361,EPA,Jesse Sullivan,2015-09-03,2648
1362,Lavander�as Lara,Jeremy Walker,2021-03-10,2269
1363,Socios S.A.,Cynthia Nelson,2018-08-18,562
1364,Ferreter�as Coronado,Amanda Evans,2011-04-29,1851
1365,Farmacias R&R,Dana Wolfe,2019-02-11,1662
1366,FIHCA S.A,Anna Cannon,2010-02-12,2474
1367,Farmacias Andoni-Mazza,Steven Stephens,2010-11-08,1054
1368,Q&A,Elizabeth Washington,2018-05-02,1450
1369,Salsas Don Justo,Angela Johnson,2023-02-27,2759
1370,Distribuidora Mariscal,Daniel Lang,2015-02-07,3154
1371,Farmacias Andoni-Mazza,Gregory Hunt,2019-10-29,1838
1372,HH,Briana Mann,2013-01-19,190
1373,Farmacias R&R,Kyle Kennedy,2022-09-05,1061
1374,Socios S.A.,David Henderson,2022-12-21,692
1375,Lavander�as Lara,Leslie Davidson,2023-12-03,2476
1376,HH,Kelly Marshall,2010-12-24,1494
1377,Ferreter�as Coronado,Melody Lee,2015-05-22,1919
1378,Repuestos Acquoni,Bryan Harris,2015-11-24,1199
1379,Lavander�as Lara,Donald Davis,2011-09-29,2486
1380,Fertilizantes Mayafer,Stephanie Barnett,2012-04-24,2391
1381,Q&A,Tiffany Gardner,2012-12-01,1879
1382,Muebles El Roble,Cassidy Simmons,2011-09-27,1302
1383,HH,Madison Horton,2011-12-11,1558
1384,Socios S.A.,Sharon Graves,2012-01-24,3489
1385,Cemaco,Bailey Green,2015-04-03,1815
1386,Repuestos Acquoni,Angela Johnson,2019-03-11,1285
1387,Distribuidora Mariscal,David Nelson,2019-09-28,161
1388,EPA,Rebecca Cox,2010-01-11,2694
1389,Repuestos Acquoni,Kristen Mcfarland,2022-03-19,1418
1390,Distribuidora Mariscal,Lee Jones,2017-06-01,1085
1391,Farmacias Andoni-Mazza,Brittany Mckay,2021-08-03,160
1392,Productos Toledo,Kevin Carrillo,2021-01-14,3165
1393,Repuestos Acquoni,Megan Mcdonald,2011-05-09,1928
1394,Muebles El Roble,Gregory Hunt,2018-06-15,1083
1395,Productos Toledo,Ashley Hart,2014-08-16,1314
1396,FIHCA S.A,David Lowe,2021-12-17,2859
1397,Farmacias Andoni-Mazza,Suzanne Lawrence,2018-05-26,2028
1398,Q&A,Dorothy Rowland,2018-03-23,1952
1399,Productos Toledo,Ashlee Willis,2014-05-07,1441
1400,Repuestos Aioli,Renee Melton,2018-05-19,292
1401,Socios S.A.,Grace Coleman,2015-11-03,1227
1402,Salsas Don Justo,Jacob Costa,2013-10-16,3165
1403,HH,Jessica Taylor,2010-08-17,1744
1404,HH,James Cruz,2023-05-11,1628
1405,Lavander�as Lara,Steven Lee,2017-08-18,1923
1406,Ferreter�as Coronado,Nathan Clayton,2016-03-22,2034
1407,Repuestos Aioli,Timothy Sullivan,2010-05-04,2640
1408,Repuestos Aioli,Joseph Duncan,2016-12-31,1891
1409,Antillon,John Hill,2015-07-29,168
1410,Socios S.A.,Anne Webb,2017-09-04,1876
1411,Q&A,Omar Jackson,2013-12-08,2468
1412,Kinotipedia,Amber Wolfe,2011-04-14,2205
1413,FIHCA S.A,Laura Swanson,2016-03-12,3255
1414,Ferreter�as Coronado,Brent Kane,2018-12-19,1916
1415,Farmacias R&R,Angela Johnson,2023-09-16,1841
1416,FIHCA S.A,Heather Smith,2017-11-23,89
1417,Ferreter�as Coronado,Jack Smith,2013-08-05,257
1418,Fertilizantes Mayafer,Matthew Walsh,2011-01-24,2395
1419,Supermercados Fahsen,Derrick Lopez,2022-08-10,3374
1420,Farmacias Andoni-Mazza,David Estes,2012-09-26,1407
1421,Productos Toledo,William Griffith,2019-03-10,2404
1422,HH,Ricardo Wilson,2016-08-08,859
1423,Supermercados Fahsen,Hannah Herrera,2014-05-29,1566
1424,Farmacias Andoni-Mazza,Randy Andrews,2016-04-29,2355
1425,Lavander�as Lara,Elizabeth Black,2020-01-23,1847
1426,Repuestos Acquoni,Kristina Manning,2014-09-12,2900
1427,Distribuidora Mariscal,Kristen Landry,2012-06-12,972
1428,Muebles El Roble,Cynthia Nelson,2016-07-08,725
1429,Productos Toledo,Keith Bell,2013-04-23,373
1430,Kinotipedia,Mary Sampson,2015-12-07,581
1431,Productos Toledo,Donna Wilson,2023-05-23,1881
1432,Distribuidora Mariscal,Julie Davis,2021-08-28,1056
1433,Fertilizantes Mayafer,Michael Pacheco,2021-04-10,3068
1434,HH,Richard Wright,2017-01-17,2702
1435,Distribuidora Mariscal,Timothy James,2011-02-23,2807
1436,Cemaco,Brian Rodriguez,2022-04-22,2921
1437,Antillon,Thomas Brown,2023-08-24,108
1438,Supermercados Fahsen,James Woods,2018-12-30,3396
1439,Distribuidora Mariscal,Bradley Nguyen,2010-11-02,1460
1440,FIHCA S.A,Andres Proctor,2022-04-04,3232
1441,Salsas Don Justo,Grace Coleman,2012-06-29,2529
1442,FIHCA S.A,Angela Phillips,2018-10-05,1486
1443,Ferreter�as Coronado,Ryan Greer,2012-06-26,2301
1444,Salsas Don Justo,Rodney King,2012-07-28,2232
1445,FIHCA S.A,Jesse Hardin,2021-04-20,1556
1446,Socios S.A.,Willie Juarez,2011-06-18,2560
1447,Kinotipedia,Gregory Hill,2011-03-31,1296
1448,Repuestos Acquoni,Dylan Wilson,2019-04-07,2149
1449,FIHCA S.A,Mary Spencer,2014-05-12,98
1450,Kinotipedia,Gregory Hunt,2015-08-04,3424
1451,Supermercados Fahsen,Billy Costa,2022-11-04,2364
1452,Muebles El Roble,Hannah Preston,2019-03-07,1378
1453,Farmacias Andoni-Mazza,Cody West,2020-08-06,984
1454,Salsas Don Justo,Vanessa Mclean,2013-08-09,3320
1455,Cemaco,Max Montgomery,2010-02-01,2248
1456,Salsas Don Justo,Joseph Duncan,2020-07-12,1790
1457,EPA,Timothy Boyd,2010-07-10,534
1458,Supermercados Fahsen,Grace Coleman,2023-10-18,771
1459,Repuestos Acquoni,Bob Waters,2017-05-29,2888
1460,Q&A,Deborah Mathews,2020-01-11,3157
1461,FIHCA S.A,Dana Ramos,2022-02-21,2131
1462,Farmacias Andoni-Mazza,Reginald Mitchell,2010-04-17,2894
1463,EPA,Nicholas Santiago Jr.,2017-01-09,2167
1464,Productos Toledo,Jillian Wang,2023-10-21,822
1465,Supermercados Fahsen,Scott Cantu,2020-10-26,789
1466,HH,John Garcia,2018-08-18,2467
1467,Antillon,Cheryl Shannon,2021-02-19,1619
1468,Fertilizantes Mayafer,Lori Stewart,2022-03-27,1219
1469,Fertilizantes Mayafer,Kelly Marshall,2013-05-21,1028
1470,Supermercados Fahsen,Colin Williams,2011-04-04,2508
1471,Distribuidora Mariscal,William Pacheco,2019-12-18,214
1472,Repuestos Acquoni,Whitney Norman,2015-12-13,368
1473,Supermercados Fahsen,Russell Smith,2015-09-28,2504
1474,Distribuidora Mariscal,Amy Mckinney,2013-10-07,684
1475,Fertilizantes Mayafer,Charles Martin,2012-11-12,1226
1476,Fertilizantes Mayafer,Bob Waters,2018-04-22,3221
1477,Salsas Don Justo,Daniel Owen,2010-03-22,892
1478,Distribuidora Mariscal,Reginald Mitchell,2019-12-22,1680
1479,Repuestos Acquoni,Maria Sanders,2019-03-12,1454
1480,Farmacias Andoni-Mazza,Jordan Nguyen,2010-11-11,968
1481,Lavander�as Lara,Dr. Michael Taylor,2020-08-25,394
1482,Kinotipedia,Jo Soto,2014-03-27,1421
1483,Socios S.A.,Gerald Nicholson,2014-02-13,3477
1484,Distribuidora Mariscal,Melinda Lutz,2018-02-18,3096
1485,Muebles El Roble,Shelby Ramos,2020-01-02,133
1486,HH,Jesse Hardin,2019-01-11,2435
1487,Productos Toledo,Sherry Jones,2019-05-21,1772
1488,Cemaco,Elizabeth Ochoa,2017-08-13,2719
1489,Antillon,Brianna Dunn,2023-12-04,1720
1490,HH,Ashley Park,2014-04-29,242
1491,Muebles El Roble,Mrs. Jamie Riley DDS,2017-08-24,566
1492,Productos Toledo,Donna Hutchinson,2011-06-08,2926
1493,Antillon,Jessica Kelly,2012-03-02,498
1494,Farmacias Andoni-Mazza,Beth Reyes,2022-02-20,2135
1495,Ferreter�as Coronado,Jacob Davis,2013-05-10,3287
1496,HH,Stephanie Morgan,2014-10-26,1396
1497,Salsas Don Justo,Gail Brown,2014-06-19,2180
1498,Kinotipedia,Taylor Humphrey,2016-02-08,167
1499,Fertilizantes Mayafer,Kurt Blair,2010-09-19,1744
1500,Lavander�as Lara,Kyle Thompson,2018-10-17,756
1501,Farmacias Andoni-Mazza,Angela Phillips,2011-08-26,2294
1502,Supermercados Fahsen,Gina Durham,2018-06-25,2332
1503,Muebles El Roble,Victor Morrison,2017-10-12,1221
1504,Supermercados Fahsen,John Garcia,2017-09-18,1117
1505,Supermercados Fahsen,Elizabeth Ochoa,2012-03-14,3437
1506,Q&A,Kelli Berry,2021-09-16,2801
1507,Distribuidora Mariscal,Brian Mack,2013-08-06,3055
1508,Productos Toledo,Kendra Kirby,2019-10-30,3105
1509,HH,Angela Phillips,2012-12-09,3298
1510,Farmacias R&R,Matthew Walsh,2011-03-03,2891
1511,Farmacias Andoni-Mazza,Paula Cox,2018-09-22,2831
1512,Lavander�as Lara,Sabrina Gill,2021-01-09,2841
1513,Farmacias R&R,Victor Morrison,2023-05-10,218
1514,Fertilizantes Mayafer,Dominic Johnson,2014-07-13,2455
1515,Repuestos Acquoni,William Thomas,2010-07-01,1279
1516,Supermercados Fahsen,Kendra Jones,2016-01-23,3129
1517,Antillon,Debra Andersen,2019-07-19,1032
1518,Farmacias R&R,Fred Williams,2019-06-22,1214
1519,Repuestos Aioli,Justin Rodriguez,2011-09-14,2198
1520,Muebles El Roble,Felicia Sandoval,2014-09-18,3407
1521,FIHCA S.A,Joshua Mullins,2022-08-14,288
1522,Repuestos Aioli,Kim Rodriguez,2019-12-10,3382
1523,Supermercados Fahsen,Angela Wood,2019-02-05,1262
1524,Salsas Don Justo,Brianna Merritt,2014-08-06,3288
1525,Repuestos Acquoni,Christy Walker,2017-11-12,948
1526,Q&A,Emma Harris,2020-02-26,1254
1527,Supermercados Fahsen,Kristi Williams,2017-12-18,1198
1528,Lavander�as Lara,Andres Proctor,2023-02-01,52
1529,EPA,Melissa Gonzales,2015-12-01,3212
1530,FIHCA S.A,Larry Charles,2017-07-17,1842
1531,Lavander�as Lara,Joshua Newton,2018-04-19,3449
1532,Farmacias R&R,Jonathan Price,2023-09-26,2238
1533,Antillon,Timothy Bush,2023-06-20,2745
1534,Supermercados Fahsen,Patrick Alvarez,2011-03-18,3357
1535,Repuestos Acquoni,Mrs. Jamie Riley DDS,2020-09-26,2843
1536,FIHCA S.A,Savannah Bryan,2017-10-08,1328
1537,EPA,Erin Allen,2011-05-02,2645
1538,Farmacias R&R,Jack Smith,2021-06-22,3464
1539,Kinotipedia,Derek Fry,2013-05-27,2889
1540,Repuestos Acquoni,Jason Franklin,2010-05-24,3310
1541,Kinotipedia,Mrs. Susan Carr,2020-10-14,1136
1542,Farmacias R&R,Heidi Morris,2023-02-07,1647
1543,Cemaco,Rachel Brown,2010-06-11,2423
1544,Cemaco,Joseph Ortiz,2011-04-07,2868
1545,Repuestos Acquoni,Alison Thornton,2011-09-22,2612
1546,Muebles El Roble,Paula Cox,2017-09-24,1230
1547,Q&A,Matthew Rodriguez,2011-02-24,1648
1548,Muebles El Roble,Christine Williams,2012-11-29,2076
1549,Productos Toledo,Charles Martin,2021-11-29,1866
1550,Productos Toledo,Monica Fisher,2014-10-11,1984
1551,Fertilizantes Mayafer,James James,2016-08-21,59
1552,HH,Rebecca May,2016-03-25,2127
1553,FIHCA S.A,Bryan Harris,2011-12-19,932
1554,Muebles El Roble,Patricia Robertson,2012-11-22,3343
1555,Kinotipedia,Janice Estrada,2018-06-23,3390
1556,Ferreter�as Coronado,Mrs. Susan Carr,2022-01-03,776
1557,EPA,David Ruiz,2016-09-16,1958
1558,Ferreter�as Coronado,Alexis Mitchell,2019-02-14,1952
1559,Muebles El Roble,Paul Johnston,2012-10-07,309
1560,Kinotipedia,Teresa Berger,2019-06-29,1884
1561,Fertilizantes Mayafer,Stephanie Barnett,2010-12-07,1240
1562,Kinotipedia,Theresa Davis,2021-09-11,3451
1563,Muebles El Roble,Yesenia Shaw,2021-02-18,1667
1564,Cemaco,Jonathan Lindsey,2022-05-16,1852
1565,EPA,Kendra Kirby,2017-06-28,1469
1566,FIHCA S.A,Bryan Harris,2017-11-22,2581
1567,Q&A,Heather Jackson,2017-11-02,784
1568,Salsas Don Justo,Casey Brewer,2015-10-17,622
1569,Kinotipedia,Michelle Scott,2021-03-05,1987
1570,Farmacias Andoni-Mazza,Wendy Young,2017-07-23,17
1571,Repuestos Aioli,Mr. Nicholas Johnston,2013-09-05,3362
1572,Socios S.A.,Nicholas Santiago Jr.,2016-09-14,984
1573,Repuestos Acquoni,Ray Valdez,2020-09-09,2940
1574,Muebles El Roble,Molly Baker,2010-06-11,2866
1575,Farmacias R&R,Mark Dominguez,2015-05-09,1621
1576,EPA,Briana Mann,2019-09-10,193
1577,Cemaco,Chelsea Cook,2020-02-19,2942
1578,Muebles El Roble,Andrea Wilson,2018-12-28,258
1579,Repuestos Acquoni,Brett Johnson,2022-04-05,1942
1580,Productos Toledo,Casey Casey,2015-12-28,200
1581,Productos Toledo,Faith Chen,2014-01-27,2313
1582,Kinotipedia,Adam Hicks,2020-07-17,960
1583,HH,Perry Cordova,2017-04-04,1728
1584,Kinotipedia,Matthew Rodriguez,2019-07-21,872
1585,Productos Toledo,Ashley Freeman,2016-05-25,1950
1586,Distribuidora Mariscal,Christopher Lucas,2013-11-13,2454
1587,Fertilizantes Mayafer,Jordan Saunders,2020-04-09,2898
1588,EPA,Christopher Sullivan,2017-08-12,2208
1589,EPA,Isaac Simmons,2010-07-01,2236
1590,Repuestos Acquoni,Deborah Martin,2016-11-05,1762
1591,EPA,John Reynolds,2012-12-28,550
1592,Salsas Don Justo,Hayley Garcia,2023-10-17,3454
1593,Muebles El Roble,Kelli Berry,2010-08-31,3297
1594,Repuestos Acquoni,Grace Coleman,2010-01-18,2879
1595,Lavander�as Lara,Tony Knight,2013-07-08,1376
1596,EPA,Jordan Nguyen,2019-04-29,293
1597,EPA,Amy Logan,2022-04-06,3220
1598,Repuestos Acquoni,Angela Mitchell,2021-06-22,1928
1599,Salsas Don Justo,Jessica Buck,2010-09-29,749
1600,HH,Marc Taylor,2012-11-07,2503
1601,Q&A,Jennifer Rodriguez,2019-02-02,2165
1602,Kinotipedia,Angela Young,2015-09-08,3478
1603,Salsas Don Justo,Stephanie Barnett,2023-11-26,391
1604,Ferreter�as Coronado,Hannah Wu,2023-05-31,2910
1605,Cemaco,John Garcia,2022-10-21,2883
1606,Productos Toledo,Renee Bryant,2021-10-12,115
1607,Farmacias Andoni-Mazza,Chase Page,2012-04-10,313
1608,Supermercados Fahsen,Mr. Jason Osborne II,2018-10-18,484
1609,Cemaco,Bradley Wallace,2019-06-26,1666
1610,Muebles El Roble,Jacob Davis,2011-06-08,226
1611,Distribuidora Mariscal,Bailey Green,2019-06-08,2119
1612,FIHCA S.A,Jeffrey Gomez,2022-09-25,2465
1613,Productos Toledo,Henry Johnson,2020-11-04,541
1614,Socios S.A.,Laura Smith,2020-03-01,2309
1615,Farmacias Andoni-Mazza,Omar Jackson,2019-10-29,614
1616,Distribuidora Mariscal,Heather Jackson,2020-02-07,1435
1617,Q&A,Megan Thomas,2013-10-25,1869
1618,Distribuidora Mariscal,Jason Vargas,2018-07-18,1602
1619,Supermercados Fahsen,Dana Ramos,2010-02-28,3455
1620,Cemaco,Emma Harris,2023-03-20,3355
1621,Salsas Don Justo,Kenneth Cruz,2017-05-23,2295
1622,Socios S.A.,Taylor Humphrey,2023-11-26,825
1623,HH,William Lawson,2022-05-13,1501
1624,Fertilizantes Mayafer,Molly Baker,2023-03-20,2771
1625,Farmacias Andoni-Mazza,Sandra Johnson,2022-08-09,46
1626,Fertilizantes Mayafer,Susan Henry,2010-06-14,431
1627,Repuestos Aioli,Patricia Walker,2022-07-17,1310
1628,EPA,John Hill,2019-01-17,876
1629,Q&A,Joshua Newton,2022-06-30,2652
1630,Productos Toledo,Renee Carroll,2017-03-22,2035
1631,Farmacias R&R,James Cruz,2010-02-26,74
1632,Ferreter�as Coronado,Kevin Carrillo,2019-06-17,3182
1633,Productos Toledo,James Woods,2017-02-06,1067
1634,Repuestos Aioli,Christopher Sullivan,2022-11-03,1839
1635,Lavander�as Lara,Melissa Medina,2022-02-24,917
1636,Salsas Don Justo,Dr. Michael Taylor,2011-12-03,705
1637,Distribuidora Mariscal,Brian Bentley,2014-09-15,415
1638,Productos Toledo,Jason Bruce,2014-01-28,1931
1639,Socios S.A.,Stephen Fox,2010-06-25,2817
1640,Supermercados Fahsen,John Garcia,2011-05-11,2014
1641,Muebles El Roble,Karl Camacho,2011-03-19,2980
1642,Kinotipedia,Kayla Powell,2010-09-24,2772
1643,HH,Shelby Russell,2018-06-12,1565
1644,Antillon,Ashley King,2014-07-16,3272
1645,Ferreter�as Coronado,Shelby Ramos,2013-07-10,1851
1646,Productos Toledo,Colin Williams,2015-09-14,400
1647,EPA,Larry Charles,2015-06-20,202
1648,Antillon,Anna Wright,2018-06-19,2494
1649,Salsas Don Justo,Crystal Erickson,2017-12-26,2803
1650,Repuestos Acquoni,Brittany Johnson,2015-12-07,1615
1651,Cemaco,Jennifer Boyd,2017-12-15,2780
1652,Socios S.A.,Tara Mullen,2015-02-22,127
1653,Kinotipedia,Mike Keith,2018-05-29,3053
1654,Salsas Don Justo,Jennifer Rodriguez,2017-07-08,173
1655,FIHCA S.A,Brian Harris,2021-04-17,1006
1656,Lavander�as Lara,Ariana Young,2019-03-10,1033
1657,Farmacias R&R,Sarah Castillo,2014-11-12,1514
1658,Farmacias Andoni-Mazza,Joshua Cervantes,2020-03-04,1573
1659,Cemaco,Jack Smith,2021-11-14,366
1660,Distribuidora Mariscal,Derrick Lopez,2012-06-03,1111
1661,Q&A,Suzanne Lawrence,2012-03-23,2805
1662,Productos Toledo,Candace Gordon,2016-09-12,948
1663,FIHCA S.A,Amanda Montoya,2019-08-08,2721
1664,Farmacias Andoni-Mazza,Laura Smith,2011-07-06,1232
1665,FIHCA S.A,Wayne Tate,2017-03-07,2315
1666,HH,Bradley Nguyen,2014-10-12,135
1667,Distribuidora Mariscal,Abigail Shaffer,2011-03-14,269
1668,Repuestos Aioli,Haley Hughes,2020-01-15,2101
1669,HH,Benjamin Bailey,2022-03-19,1765
1670,HH,Gregory Butler,2017-04-21,2670
1671,HH,Kathryn Adams,2014-06-16,1282
1672,Repuestos Acquoni,Jessica Buck,2022-07-07,2799
1673,HH,Christine Peterson,2011-11-10,1580
1674,Repuestos Aioli,Brittany Ferguson,2021-04-02,676
1675,Farmacias Andoni-Mazza,Dawn Lin,2019-04-19,1040
1676,Ferreter�as Coronado,Christy Walker,2018-03-13,3204
1677,Distribuidora Mariscal,Melinda Klein,2020-09-04,565
1678,Salsas Don Justo,Jesse White,2021-07-10,2530
1679,Q&A,Kathryn Adams,2016-10-20,2842
1680,Repuestos Aioli,Vanessa Brown,2014-07-15,508
1681,FIHCA S.A,Lisa Patterson,2012-08-11,231
1682,Farmacias Andoni-Mazza,Mr. Nicholas Johnston,2021-01-19,896
1683,FIHCA S.A,Donna Mason MD,2017-12-08,628
1684,FIHCA S.A,William Thomas,2011-09-08,13
1685,FIHCA S.A,Sherry Lynch,2016-06-14,1002
1686,Supermercados Fahsen,Brian Bentley,2019-03-26,2050
1687,EPA,Michael Henry,2023-12-04,2808
1688,Kinotipedia,Jennifer Garner,2012-12-25,1230
1689,Q&A,Erin Pope,2023-09-13,2794
1690,Cemaco,Christopher Hughes,2010-05-18,2542
1691,Kinotipedia,Benjamin Smith,2016-08-13,264
1692,Repuestos Aioli,Ashley King,2010-11-02,1634
1693,Farmacias Andoni-Mazza,Dylan Carney,2010-11-15,1179
1694,FIHCA S.A,Monica Williams,2014-09-27,2941
1695,Fertilizantes Mayafer,Stephanie Fuentes,2012-01-17,2769
1696,Farmacias Andoni-Mazza,Garrett Cox,2012-01-07,74
1697,HH,Vanessa Brown,2022-07-25,824
1698,Farmacias R&R,Dr. Megan West,2014-09-09,1743
1699,FIHCA S.A,Taylor Humphrey,2020-02-19,3202
1700,Kinotipedia,Matthew Brown,2019-07-21,3256
1701,Socios S.A.,Gregory Nguyen,2014-01-24,737
1702,Q&A,Thomas Davila,2020-05-12,990
1703,Ferreter�as Coronado,Jessica Jensen,2023-05-16,2501
1704,HH,Stephanie Bryant,2020-01-19,2803
1705,Repuestos Acquoni,Adam Anderson,2023-10-16,3472
1706,Fertilizantes Mayafer,Cheryl Shannon,2010-09-03,314
1707,Distribuidora Mariscal,William Griffith,2019-01-09,1792
1708,FIHCA S.A,Shane Ayers MD,2018-06-29,400
1709,Ferreter�as Coronado,Kayla Powell,2021-04-04,875
1710,FIHCA S.A,Calvin Scott,2017-09-13,3128
1711,FIHCA S.A,Timothy Boyd,2011-12-19,769
1712,Socios S.A.,Robert Porter,2023-06-18,945
1713,Ferreter�as Coronado,Angela Wood,2021-02-03,1488
1714,Fertilizantes Mayafer,Loretta Butler,2019-02-12,62
1715,HH,Rachel Brown,2019-07-18,943
1716,Ferreter�as Coronado,Paula Richardson,2020-12-26,846
1717,Lavander�as Lara,Robert Lee,2015-09-25,108
1718,Kinotipedia,Dawn Lin,2018-10-05,3387
1719,Productos Toledo,Christopher Mcdonald,2023-12-02,865
1720,Cemaco,Tyler Sanders,2017-11-02,896
1721,Repuestos Acquoni,Gregory Butler,2018-04-29,545
1722,EPA,Johnny Rogers,2021-01-06,3422
1723,Farmacias R&R,Elizabeth Black,2019-01-10,270
1724,Supermercados Fahsen,Rachel Powell,2019-05-16,699
1725,Antillon,Jose Carey,2013-06-07,358
1726,Farmacias Andoni-Mazza,Ashley Shannon,2015-04-13,3156
1727,Productos Toledo,Christopher James,2022-05-27,2007
1728,Fertilizantes Mayafer,Colin Williams,2019-03-16,3282
1729,Q&A,Tyler Sanders,2020-07-08,2243
1730,Q&A,Paula Cox,2018-02-17,569
1731,Repuestos Aioli,Emily Daniel,2012-03-21,2709
1732,Ferreter�as Coronado,Willie Juarez,2019-11-29,2559
1733,Lavander�as Lara,David Ruiz,2019-05-20,2750
1734,Lavander�as Lara,Melinda Lutz,2016-04-20,2935
1735,Socios S.A.,Renee Carroll,2012-01-04,2122
1736,Ferreter�as Coronado,Christy Walker,2013-02-07,2116
1737,FIHCA S.A,Matthew Brown,2019-07-31,1422
1738,Distribuidora Mariscal,Patricia Farmer,2022-02-05,98
1739,Productos Toledo,Vanessa Brown,2020-08-29,2397
1740,HH,Kelly Villegas,2019-01-07,1182
1741,FIHCA S.A,Felicia Sandoval,2018-10-17,2623
1742,Farmacias R&R,Tara Mullen,2021-05-14,2546
1743,Cemaco,John Meyer,2011-06-01,2645
1744,HH,Dwayne Benson,2022-06-26,1177
1745,Repuestos Acquoni,Shannon Rasmussen,2017-08-17,1310
1746,Productos Toledo,Brittany Clark,2016-04-21,1404
1747,HH,Sharon Wilson,2011-08-30,1334
1748,Distribuidora Mariscal,Jacqueline Taylor,2010-01-02,3183
1749,Kinotipedia,Stacy Peters,2019-07-01,1815
1750,Ferreter�as Coronado,Amber Wolfe,2017-05-16,3431
1751,Lavander�as Lara,Brian Mack,2013-01-05,2234
1752,EPA,Sean Davidson,2013-09-01,1767
1753,Cemaco,Savannah Bryan,2019-02-22,582
1754,Lavander�as Lara,Danielle Lutz,2018-10-11,1001
1755,Supermercados Fahsen,Jonathan Price,2016-01-20,1409
1756,Muebles El Roble,Gregory Ferguson,2015-09-02,2315
1757,Kinotipedia,Crystal Erickson,2014-03-07,555
1758,Cemaco,Megan Thomas,2018-03-28,3106
1759,Repuestos Acquoni,Jennifer Hodges,2017-02-23,3471
1760,Supermercados Fahsen,Luis Salazar,2014-05-18,3138
1761,Lavander�as Lara,Benjamin Smith,2012-07-17,1611
1762,Lavander�as Lara,Randy Andrews,2019-07-26,1350
1763,Distribuidora Mariscal,Thomas Powell III,2018-03-29,1757
1764,Socios S.A.,Heather Ross,2017-07-07,423
1765,Repuestos Aioli,Monica Fisher,2021-02-03,2087
1766,Cemaco,Jerry Harris,2020-10-09,1818
1767,Repuestos Acquoni,Stacy Hughes,2010-07-13,2924
1768,Fertilizantes Mayafer,Kristine Davis,2022-04-07,1247
1769,Repuestos Aioli,Robert Smith,2019-08-05,372
1770,Repuestos Acquoni,Patricia Walker,2018-04-24,214
1771,Socios S.A.,Keith White,2018-10-01,2071
1772,Productos Toledo,Katherine Cunningham,2015-11-09,463
1773,Farmacias R&R,Melissa Medina,2013-01-11,1164
1774,Repuestos Acquoni,Alexander Macdonald,2023-04-24,926
1775,Farmacias R&R,Nancy Sanford,2012-12-08,860
1776,Repuestos Aioli,Marcia Wheeler,2017-03-28,26
1777,Supermercados Fahsen,Max Montgomery,2017-01-21,3412
1778,Farmacias Andoni-Mazza,Heather Jackson,2010-05-31,2032
1779,Distribuidora Mariscal,Heather Ross,2014-11-11,827
1780,EPA,Timothy Sullivan,2018-03-26,686
1781,Antillon,Ashley King,2020-12-11,894
1782,Q&A,Mrs. Tammy Castillo,2019-11-01,1760
1783,HH,Mary Spencer,2018-02-11,1766
1784,Distribuidora Mariscal,Isaac Simmons,2012-12-02,1418
1785,HH,Brittany Johnson,2013-11-10,2938
1786,Muebles El Roble,Joseph Duncan,2016-03-23,3476
1787,Supermercados Fahsen,Lisa Stuart,2023-11-06,1599
1788,Kinotipedia,Erin White,2018-05-15,1129
1789,Fertilizantes Mayafer,Stephen Diaz,2013-06-07,1216
1790,Farmacias R&R,James Rodriguez,2012-08-05,1996
1791,Supermercados Fahsen,Angela Mitchell,2021-11-21,1486
1792,Repuestos Acquoni,Billy Costa,2021-04-25,2588
1793,Ferreter�as Coronado,Tiffany Gardner,2019-03-18,142
1794,FIHCA S.A,Alexis Freeman,2012-11-01,1232
1795,Ferreter�as Coronado,Deborah Martin,2013-08-05,238
1796,Socios S.A.,David Ruiz,2018-05-17,964
1797,Q&A,Karen Kirby,2018-10-12,3034
1798,Lavander�as Lara,Christine Hernandez,2016-02-05,1413
1799,Repuestos Acquoni,Rachel Walker,2021-11-30,646
1800,Lavander�as Lara,Dennis Hall,2013-01-17,43
1801,Productos Toledo,Tracy Bond,2018-09-11,3120
1802,Farmacias Andoni-Mazza,Kristin Rivera,2017-03-07,2726
1803,Fertilizantes Mayafer,Michael Thomas,2016-01-25,1144
1804,Supermercados Fahsen,Brandon Miller,2011-06-13,2745
1805,Muebles El Roble,Dana Ramos,2017-09-11,1278
1806,Fertilizantes Mayafer,Robert Villa,2017-12-31,1354
1807,Socios S.A.,Christine Williams,2013-05-25,2851
1808,Muebles El Roble,Derrick Lopez,2018-07-12,175
1809,Ferreter�as Coronado,Mr. Nicholas Johnston,2015-03-18,2557
1810,Lavander�as Lara,Randy Sanchez,2012-01-28,2201
1811,Lavander�as Lara,Alexander Foster,2023-11-05,3383
1812,Repuestos Acquoni,Heather Ross,2016-01-11,3178
1813,Repuestos Aioli,David Lee,2017-09-13,2630
1814,Repuestos Aioli,Dana Wolfe,2019-04-21,3175
1815,EPA,Timothy James,2012-12-26,1706
1816,Productos Toledo,Joshua Blake,2017-05-30,644
1817,Ferreter�as Coronado,Lisa Sanchez,2018-04-28,1335
1818,Ferreter�as Coronado,Ashley Shannon,2019-06-12,1390
1819,Productos Toledo,Stacy Hughes,2018-11-20,3461
1820,Supermercados Fahsen,Timothy Sullivan,2016-09-10,1239
1821,Farmacias R&R,Ricardo Wilson,2020-02-21,49
1822,Farmacias R&R,Sara Wood,2016-07-20,2460
1823,Supermercados Fahsen,Yesenia Shaw,2011-05-27,13
1824,Farmacias R&R,Dorothy Rowland,2013-10-24,2926
1825,Repuestos Aioli,Steven Hurst,2021-01-08,2745
1826,Farmacias R&R,Meghan Calderon,2018-05-03,244
1827,Muebles El Roble,Timothy Williams,2021-10-23,452
1828,Q&A,Alexander Hunter,2011-03-30,168
1829,Distribuidora Mariscal,Lauren Martinez,2021-04-29,3363
1830,Repuestos Acquoni,Tara Mullen,2021-12-16,2716
1831,Repuestos Aioli,Steven Patel,2022-03-11,445
1832,Antillon,Jamie Hernandez,2010-02-09,203
1833,Repuestos Aioli,Joseph Duncan,2023-08-31,2347
1834,EPA,Kevin Carrillo,2023-08-20,1647
1835,HH,William Sheppard,2015-02-14,1768
1836,Q&A,Kurt Blair,2023-02-24,2962
1837,Muebles El Roble,Nathan Clayton,2017-07-14,1694
1838,Distribuidora Mariscal,Jamie Boyer,2010-11-25,2784
1839,Socios S.A.,Kim Orozco,2020-02-04,2713
1840,Fertilizantes Mayafer,Timothy James,2016-08-24,2362
1841,Repuestos Aioli,Bradley Wallace,2010-10-18,2998
1842,Farmacias Andoni-Mazza,Frederick Wood,2011-08-29,2597
1843,Supermercados Fahsen,Stacy Brown,2022-11-04,1046
1844,Kinotipedia,Stephanie Fuentes,2023-07-07,1140
1845,EPA,Eileen Ramos,2018-07-31,1165
1846,Supermercados Fahsen,Brenda Evans,2023-03-16,2085
1847,Kinotipedia,Stephanie Morgan,2018-08-11,208
1848,Distribuidora Mariscal,Michele Mitchell,2014-06-14,774
1849,HH,Shelby Ramos,2014-12-17,1699
1850,Supermercados Fahsen,Darius Gray,2023-09-02,1220
1851,Antillon,Casey Franklin,2019-06-04,3273
1852,Distribuidora Mariscal,Tyler Gardner,2015-12-14,1517
1853,Fertilizantes Mayafer,Daniel Hendricks,2016-02-23,1600
1854,Repuestos Acquoni,Daisy Peterson,2011-09-05,2993
1855,Q&A,Richard Sanchez,2019-03-18,1665
1856,Socios S.A.,Gerald Nicholson,2021-03-14,620
1857,EPA,Kathleen Flores,2011-04-02,1774
1858,Ferreter�as Coronado,Laurie Wallace,2011-09-26,2330
1859,Supermercados Fahsen,Kristen Mcfarland,2023-02-10,1320
1860,EPA,Isaac Simmons,2019-03-20,2380
1861,Q&A,Tara Meza,2015-07-08,2956
1862,Supermercados Fahsen,Tonya Williams,2023-04-28,1551
1863,EPA,Jesse Hardin,2023-08-21,1464
1864,Farmacias R&R,Mark Dominguez,2017-12-18,2884
1865,Farmacias R&R,Nicholas Richards,2023-11-05,1555
1866,Farmacias Andoni-Mazza,Dwayne Benson,2021-02-03,2149
1867,Socios S.A.,Haley Hughes,2017-06-17,1002
1868,Productos Toledo,Paul Johnston,2010-03-30,2851
1869,HH,David Sloan,2014-07-27,2437
1870,EPA,David Sloan,2018-11-15,2538
1871,Supermercados Fahsen,Steven Stephens,2010-12-24,1227
1872,Supermercados Fahsen,Robert Villa,2014-08-02,1094
1873,Supermercados Fahsen,Bradley Wallace,2020-05-09,976
1874,Fertilizantes Mayafer,April Hale,2012-10-30,1470
1875,Farmacias R&R,Jennifer Duran,2018-02-18,679
1876,Q&A,Jennifer Duran,2021-05-28,2134
1877,Socios S.A.,Matthew Brown,2023-06-24,2765
1878,Supermercados Fahsen,Jordan Saunders,2012-04-06,1883
1879,Q&A,William Delgado,2014-11-28,569
1880,Farmacias R&R,Brittany Johnson,2018-09-27,390
1881,HH,Jerry Short,2023-01-15,3306
1882,Lavander�as Lara,Alexander Rodriguez,2018-03-03,2001
1883,Lavander�as Lara,Tara Mullen,2017-04-29,379
1884,HH,James Owens,2018-07-25,1640
1885,Ferreter�as Coronado,Stacy Peters,2015-10-19,2190
1886,Socios S.A.,Elizabeth Ramirez,2012-01-20,2834
1887,Socios S.A.,Chase Smith,2017-04-08,2600
1888,Q&A,Marcus Arellano,2021-06-10,2254
1889,HH,Victor Morrison,2016-10-30,244
1890,Muebles El Roble,Brianna Merritt,2010-07-25,789
1891,HH,Debra Andersen,2022-05-26,2898
1892,Farmacias Andoni-Mazza,David Vazquez,2022-10-23,654
1893,Productos Toledo,Thomas Powell III,2017-05-29,2506
1894,Fertilizantes Mayafer,Adam Hicks,2014-03-06,1913
1895,Salsas Don Justo,Jerry Harris,2018-10-16,817
1896,Supermercados Fahsen,Henry King,2010-02-15,1424
1897,Lavander�as Lara,Jennifer Beck,2015-02-07,3376
1898,Productos Toledo,Monica Fisher,2023-10-25,1170
1899,Salsas Don Justo,Paul Zhang,2017-01-02,2780
1900,Repuestos Acquoni,Pamela Boyd,2016-06-06,2521
1901,Muebles El Roble,Jerry Harris,2011-09-26,791
1902,Supermercados Fahsen,Susan Garcia,2018-11-11,3146
1903,Socios S.A.,Sean Clark III,2013-07-31,2069
1904,Repuestos Acquoni,Shelby Russell,2017-05-28,1716
1905,Fertilizantes Mayafer,Andrew Ball,2022-05-30,22
1906,Supermercados Fahsen,James Quinn,2010-01-05,535
1907,Productos Toledo,Calvin Scott,2020-10-17,333
1908,Repuestos Acquoni,John Reynolds,2022-03-18,979
1909,Fertilizantes Mayafer,Mark Lutz,2018-07-18,1027
1910,Q&A,Marco Palmer,2010-04-10,1247
1911,Productos Toledo,Justin Rodriguez,2021-07-03,3194
1912,Kinotipedia,Molly Baker,2018-08-21,2600
1913,Fertilizantes Mayafer,Jerry Short,2023-08-03,1610
1914,Cemaco,John Garcia,2021-08-22,746
1915,Q&A,Marcus May,2012-10-14,2496
1916,Repuestos Aioli,Kendra Jones,2010-04-14,503
1917,Muebles El Roble,Michael Robles,2020-06-09,1048
1918,Salsas Don Justo,Brett Johnson,2017-02-11,2117
1919,Lavander�as Lara,Kristi Watson,2015-02-06,1359
1920,Kinotipedia,Tony Farley,2023-10-04,1079
1921,Repuestos Acquoni,Debra Chung,2019-10-15,3352
1922,EPA,Karen Ramirez,2014-12-05,2862
1923,Muebles El Roble,Jordan Saunders,2014-02-24,805
1924,Farmacias Andoni-Mazza,Kelly Marshall,2022-07-27,818
1925,Productos Toledo,Sarah Wilkerson,2012-10-16,957
1926,FIHCA S.A,Theresa Davis,2018-04-05,3230
1927,HH,Nancy Mccoy,2020-03-14,1455
1928,Kinotipedia,Andrea Gilbert,2021-09-05,274
1929,Repuestos Aioli,Gregory Hill,2012-01-02,2990
1930,Productos Toledo,Heather Jackson,2023-04-11,716
1931,Farmacias R&R,Shannon Rasmussen,2022-05-23,1471
1932,Socios S.A.,Tara Mullen,2015-07-06,3344
1933,Distribuidora Mariscal,Jessica Buck,2023-07-07,1958
1934,Q&A,Judy Martin,2011-02-24,1039
1935,FIHCA S.A,Christopher Sullivan,2018-10-31,2188
1936,HH,Lauren Martinez,2010-05-14,3153
1937,Salsas Don Justo,Kelly Marshall,2019-04-09,2370
1938,EPA,Nicholas Richards,2017-09-04,2261
1939,Distribuidora Mariscal,Kevin Carrillo,2018-02-14,2505
1940,Supermercados Fahsen,Theresa Davis,2021-01-13,3120
1941,Repuestos Acquoni,Tracy Rivera,2018-08-15,243
1942,Repuestos Acquoni,Andrea Gilbert,2016-11-28,2283
1943,Farmacias Andoni-Mazza,Angela Young,2022-05-03,2471
1944,Antillon,Melissa Gonzales,2011-09-18,2216
1945,Distribuidora Mariscal,Karen Mcclain,2018-07-27,3183
1946,Kinotipedia,Megan Cooper,2011-02-14,1411
1947,Muebles El Roble,Victor Martin,2010-08-20,1288
1948,Salsas Don Justo,Christopher Chen,2021-07-18,2049
1949,Farmacias R&R,Eric Adams,2015-11-23,2390
1950,Ferreter�as Coronado,Annette Smith,2013-02-14,17
1951,Salsas Don Justo,Margaret Robinson,2017-02-01,3295
1952,Farmacias R&R,Dawn Lin,2023-07-16,1290
1953,Distribuidora Mariscal,Mark Gill,2020-09-05,3293
1954,Productos Toledo,Kristen Mcfarland,2014-05-15,3040
1955,Socios S.A.,Jill Brewer,2011-01-21,3261
1956,Ferreter�as Coronado,Ryan Greer,2019-09-27,104
1957,Productos Toledo,Dwayne Benson,2014-06-07,874
1958,Ferreter�as Coronado,Robert Meyer,2011-09-06,1350
1959,Q&A,Kim Hill,2019-10-16,1415
1960,Farmacias Andoni-Mazza,Robert Smith,2011-09-17,2193
1961,Farmacias R&R,Tracy Rivera,2018-05-31,3238
1962,Productos Toledo,Andrew Marshall,2023-11-11,2111
1963,Lavander�as Lara,Anna Ryan,2011-07-24,1916
1964,Distribuidora Mariscal,Christy Walker,2022-09-02,349
1965,Repuestos Aioli,Timothy Rodriguez,2014-05-28,169
1966,Distribuidora Mariscal,Joshua Woodard,2011-12-17,1572
1967,Repuestos Aioli,Andres Proctor,2012-08-01,3275
1968,Muebles El Roble,Peggy Hernandez,2013-10-20,682
1969,Productos Toledo,Wayne Tate,2023-01-14,1751
1970,Socios S.A.,Vanessa Mclean,2016-07-02,3260
1971,Kinotipedia,Michael Bullock,2013-02-25,157
1972,Salsas Don Justo,Jeffery Garcia DDS,2012-06-07,1187
1973,Q&A,Christopher Williams,2020-08-25,2231
1974,Repuestos Acquoni,Elizabeth Garcia,2017-02-05,237
1975,Antillon,Paul Sharp,2019-10-13,3370
1976,Cemaco,Robert Porter,2014-02-20,3022
1977,EPA,Alexis Mitchell,2023-09-10,2207
1978,FIHCA S.A,Larry Charles,2012-12-08,2207
1979,Q&A,Hannah Herrera,2013-05-06,989
1980,Farmacias Andoni-Mazza,Michael Hernandez,2016-04-14,2124
1981,EPA,Kathleen Perez,2014-03-15,770
1982,Antillon,Nathan Clayton,2022-02-14,461
1983,Repuestos Aioli,Bailey Green,2012-03-24,1333
1984,Cemaco,Kelly Villegas,2012-11-10,1268
1985,Salsas Don Justo,Mark Phillips,2020-02-22,1649
1986,Repuestos Acquoni,Jason Lopez,2020-11-22,2119
1987,Muebles El Roble,Michael Caldwell,2023-11-19,2050
1988,Muebles El Roble,Jennifer Hodges,2016-04-20,1639
1989,Q&A,Susan Henry,2021-01-16,1368
1990,Distribuidora Mariscal,Gerald Nicholson,2023-01-23,104
1991,Ferreter�as Coronado,Timothy Williams,2018-04-02,2816
1992,Farmacias R&R,Jessica Flores,2017-02-14,1123
1993,Repuestos Aioli,Dwayne Benson,2011-06-30,242
1994,Fertilizantes Mayafer,Timothy Bush,2010-12-27,1490
1995,Salsas Don Justo,Andrew Ball,2022-08-20,1220
1996,Socios S.A.,James Rodriguez,2022-02-17,973
1997,Muebles El Roble,Tyler Wise,2015-08-20,3349
1998,FIHCA S.A,John Hill,2021-02-03,3261
1999,Q&A,Lisa Stuart,2012-01-10,1364
