amount,supplier,client,id,emission_date
282,Farmacias R&R,Kevin Carrillo,0,2019-08-06
3193,Supermercados Fahsen,Angela Miller,1,2023-11-28
3345,Farmacias Andoni-Mazza,Benjamin Smith,2,2010-08-18
2389,Antillon,Ronnie Murphy,3,2019-05-20
354,Distribuidora Mariscal,Angela Phillips,4,2019-06-26
786,EPA,Barbara Murphy,5,2019-10-19
10,Farmacias R&R,Joseph Jackson,6,2021-11-30
3440,HH,Henry King,7,2018-04-13
2199,Antillon,Adam Marshall,8,2019-09-17
1716,Distribuidora Mariscal,Tony Farley,9,2016-06-18
403,EPA,Amy Mckinney,10,2018-04-10
2844,Muebles El Roble,Sara Wood,11,2021-01-22
3121,Distribuidora Mariscal,Victor Martin,12,2023-08-13
2385,Ferreterï¿½as Coronado,Sherri Adams,13,2020-12-08
3267,Ferreterï¿½as Coronado,Eileen Ramos,14,2015-07-01
263,Repuestos Acquoni,Cheryl Robinson,15,2016-12-18
626,Fertilizantes Mayafer,Joseph Jackson,16,2013-05-07
3008,Repuestos Acquoni,Mrs. Jamie Riley DDS,17,2010-03-22
880,Distribuidora Mariscal,Victor Morrison,18,2023-08-08
47,Muebles El Roble,Kenneth Williams,19,2012-11-12
922,Cemaco,Christopher Mcdonald,20,2023-12-19
1692,Socios S.A.,Emily Brown,21,2012-09-15
2856,Socios S.A.,Brian Frey,22,2016-01-25
2780,Q&A,James Cruz,23,2019-07-14
1639,Farmacias Andoni-Mazza,Stacy Hughes,24,2021-03-19
1406,FIHCA S.A,Teresa Singleton,25,2015-04-29
1498,Repuestos Aioli,Donna Mason MD,26,2010-09-13
2620,Salsas Don Justo,Cassandra Meyer,27,2012-04-06
3194,Repuestos Aioli,Jacqueline Harris,28,2018-05-10
1996,Muebles El Roble,David Sloan,29,2019-11-10
2735,Q&A,Melinda Lutz,30,2011-02-22
2553,Salsas Don Justo,Joshua Blake,31,2010-05-02
2886,Fertilizantes Mayafer,Ashley Freeman,32,2023-04-08
3215,Muebles El Roble,Tony Brewer,33,2021-10-24
2460,Muebles El Roble,David Nelson,34,2023-07-09
580,Muebles El Roble,Cheryl Shannon,35,2020-11-19
999,Repuestos Aioli,Jacob Davis,36,2011-03-19
2427,Antillon,Tara Mullen,37,2017-05-11
2918,Antillon,Michael Miller,38,2017-09-28
340,Lavanderï¿½as Lara,Judy Martin,39,2013-10-18
590,Lavanderï¿½as Lara,Anthony Hensley,40,2021-07-19
184,Kinotipedia,Brian Harris,41,2019-05-05
1260,Lavanderï¿½as Lara,Dr. Megan West,42,2015-06-22
2307,Ferreterï¿½as Coronado,Benjamin Bailey,43,2018-06-13
1004,Distribuidora Mariscal,Matthew Brooks,44,2017-09-15
909,Antillon,Jason Franklin,45,2023-02-07
368,Lavanderï¿½as Lara,Eric Adams,46,2011-12-30
1944,Repuestos Acquoni,Alexander Hunter,47,2011-10-30
1425,Productos Toledo,Sharon Graves,48,2021-01-19
1485,Ferreterï¿½as Coronado,Holly Rodgers,49,2011-06-14
2062,FIHCA S.A,Brett Johnson,50,2014-10-26
2518,Cemaco,Larry Charles,51,2012-04-26
2355,Salsas Don Justo,Willie Juarez,52,2019-02-19
2266,FIHCA S.A,Teresa Singleton,53,2012-03-16
2914,Lavanderï¿½as Lara,Loretta Butler,54,2012-03-08
301,HH,Angel Smith,55,2020-01-19
133,Lavanderï¿½as Lara,John Hill,56,2022-09-18
1550,Q&A,Steven Stephens,57,2016-12-05
3290,Ferreterï¿½as Coronado,Meghan Calderon,58,2023-11-27
785,Ferreterï¿½as Coronado,Tiffany Gonzales,59,2018-07-05
516,Cemaco,Brittany Werner,60,2012-07-18
2209,Lavanderï¿½as Lara,Christine Hernandez,61,2011-11-01
671,Kinotipedia,Heather Smith,62,2022-12-21
1924,Cemaco,Lee Jones,63,2010-03-04
1536,Supermercados Fahsen,Bryan Harris,64,2013-12-30
978,FIHCA S.A,Brian Frey,65,2016-04-22
744,HH,Carrie Bean,66,2016-11-24
552,Muebles El Roble,Thomas Lewis,67,2019-06-22
2803,Cemaco,Renee Bryant,68,2018-05-04
1060,Socios S.A.,Brittany Johnson,69,2012-01-16
1085,Repuestos Aioli,Kelli Berry,70,2021-06-09
740,Repuestos Acquoni,Omar Ramirez,71,2010-09-03
784,Farmacias R&R,Kathleen Perez,72,2014-08-13
3202,Productos Toledo,Brian Johnson,73,2011-08-10
530,Muebles El Roble,Robert Porter,74,2019-11-03
2984,Q&A,Randy Andrews,75,2016-04-21
2223,Ferreterï¿½as Coronado,Patricia Farmer,76,2017-11-23
1788,Lavanderï¿½as Lara,Frederick Wood,77,2021-07-16
1101,Lavanderï¿½as Lara,Tyler Gardner,78,2019-09-09
3401,Cemaco,Melinda Riddle,79,2016-12-15
359,Cemaco,Kimberly Vance,80,2013-10-04
1826,Ferreterï¿½as Coronado,Casey Brewer,81,2023-07-02
2249,Repuestos Acquoni,Christine Peterson,82,2020-05-27
1910,Q&A,William Thomas,83,2013-02-25
3086,Repuestos Aioli,Mary Brandt,84,2021-04-18
1579,Salsas Don Justo,Larry Gonzalez,85,2013-07-21
3149,Distribuidora Mariscal,Colleen Huffman,86,2011-12-20
2508,Fertilizantes Mayafer,Brenda Evans,87,2023-09-22
3036,Ferreterï¿½as Coronado,William Sheppard,88,2018-02-04
191,Repuestos Aioli,Benjamin Smith,89,2017-05-28
2345,FIHCA S.A,Kristin Rivera,90,2014-03-24
2531,Repuestos Acquoni,Suzanne Johnson,91,2018-05-31
1440,EPA,Andrea Dunlap,92,2017-09-14
1515,Fertilizantes Mayafer,Jessica Peters,93,2021-02-20
1832,Muebles El Roble,Omar Jackson,94,2021-07-14
1007,Lavanderï¿½as Lara,Perry Cordova,95,2015-01-26
1797,FIHCA S.A,Elizabeth Jackson,96,2022-04-12
2166,Farmacias R&R,Nichole Berg,97,2018-03-12
573,Socios S.A.,Scott Barton,98,2022-05-08
2472,FIHCA S.A,Scott Barton,99,2022-01-19
993,Lavanderï¿½as Lara,Daniel Long,100,2014-07-16
3073,Productos Toledo,Kristen Mcfarland,101,2013-07-22
1828,Repuestos Acquoni,Emma Harris,102,2015-08-01
1209,HH,Laura Smith,103,2022-12-05
1596,Lavanderï¿½as Lara,Karl Camacho,104,2021-11-29
3047,Farmacias R&R,Daniel Owen,105,2016-10-15
836,Antillon,Ronnie Murphy,106,2018-02-25
826,Farmacias R&R,Debra Chung,107,2010-10-14
666,Socios S.A.,Patricia Massey,108,2022-07-08
1455,Socios S.A.,Derek Ramirez,109,2021-08-29
775,Kinotipedia,Peggy Hernandez,110,2014-09-21
3082,Ferreterï¿½as Coronado,Hayley Garcia,111,2014-10-10
2118,Salsas Don Justo,Denise Johnson,112,2016-02-25
2732,Ferreterï¿½as Coronado,Stephanie Bryant,113,2013-05-12
2563,Productos Toledo,Laurie Wallace,114,2015-01-25
1080,Kinotipedia,Tony Knight,115,2021-04-30
630,Productos Toledo,Christine Hernandez,116,2012-12-22
530,Antillon,Tracy Rivera,117,2014-06-05
2043,Farmacias Andoni-Mazza,Casey Casey,118,2023-11-10
2129,Cemaco,David Anderson,119,2020-08-28
1168,Farmacias Andoni-Mazza,Lauren Garcia,120,2013-02-08
3129,FIHCA S.A,Amanda Montoya,121,2012-08-14
688,Salsas Don Justo,Ms. Tracey Kent,122,2016-08-30
520,EPA,Brittany Mckay,123,2012-10-15
1390,Cemaco,Karen Rodriguez,124,2012-06-12
2062,Productos Toledo,Patrick Williams,125,2022-10-13
2435,Socios S.A.,Jeremy Walker,126,2011-12-28
3124,Socios S.A.,Fred Williams,127,2013-12-16
1053,Salsas Don Justo,Mr. Jason Osborne II,128,2017-05-15
1426,Fertilizantes Mayafer,Dr. Sarah Miller,129,2013-06-03
2793,Repuestos Acquoni,Caroline Kelly,130,2015-04-02
1184,EPA,Lisa Stuart,131,2013-07-16
2993,Salsas Don Justo,Brenda Evans,132,2019-09-13
2301,Ferreterï¿½as Coronado,Thomas Wells,133,2017-12-13
3158,Farmacias Andoni-Mazza,Lisa Patterson,134,2019-04-09
1411,Repuestos Acquoni,Cheryl Robinson,135,2020-06-23
792,Repuestos Aioli,Derek Fry,136,2014-06-21
1518,Q&A,Tony Brewer,137,2021-04-01
2614,FIHCA S.A,Stacy Brown,138,2012-01-10
2385,Kinotipedia,Sandra Murphy,139,2023-05-07
418,Repuestos Acquoni,Sandra Riley,140,2019-06-12
2580,Kinotipedia,Ashlee Willis,141,2021-02-13
1489,Cemaco,Sharon Graves,142,2014-04-22
2176,Muebles El Roble,Sandra Murphy,143,2020-10-28
3152,Lavanderï¿½as Lara,David Nelson,144,2017-10-27
2531,Cemaco,Abigail Shaffer,145,2011-03-17
3014,Q&A,Candace Gordon,146,2016-07-14
2187,FIHCA S.A,Elizabeth Ramirez,147,2013-05-26
754,EPA,Rachel Powell,148,2014-01-26
2526,FIHCA S.A,Samantha Lee,149,2014-01-21
367,FIHCA S.A,Megan Mcdonald,150,2020-07-01
720,Supermercados Fahsen,Mary Spencer,151,2021-04-10
1437,Kinotipedia,Jamie Boyer,152,2020-12-15
3380,Productos Toledo,Jamie Hernandez,153,2021-03-25
776,Lavanderï¿½as Lara,Willie Juarez,154,2019-03-19
1544,Muebles El Roble,James King,155,2015-07-16
2608,Farmacias R&R,Marc Taylor,156,2021-10-25
1759,Salsas Don Justo,Joe Smith,157,2014-02-21
1270,Repuestos Aioli,Diane Ford,158,2010-08-13
368,Antillon,Corey Barber,159,2010-09-02
1402,Socios S.A.,Brittany Clark,160,2023-04-12
2358,Ferreterï¿½as Coronado,Erin Pope,161,2011-05-11
1898,Fertilizantes Mayafer,Roger Shaffer,162,2015-11-16
1635,Supermercados Fahsen,Marc Taylor,163,2015-02-21
1586,Q&A,Keith White,164,2021-12-01
207,Repuestos Acquoni,David Lowe,165,2015-04-06
2776,Q&A,Henry Johnson,166,2015-04-08
776,Lavanderï¿½as Lara,Timothy Bush,167,2019-12-27
205,Salsas Don Justo,Angela Young,168,2013-12-15
1742,Q&A,Stacy Brown,169,2012-09-28
261,Lavanderï¿½as Lara,Jennifer Duran,170,2018-02-06
1230,Antillon,Sharon Wilson,171,2012-11-03
565,EPA,Bailey Green,172,2016-01-16
299,Kinotipedia,Bethany Green,173,2017-04-28
2450,Distribuidora Mariscal,Shelby Russell,174,2015-03-05
2090,Socios S.A.,Brandon Archer,175,2017-01-23
1130,Kinotipedia,Sabrina Gill,176,2011-09-23
133,Cemaco,Jacqueline Taylor,177,2019-07-07
1443,Distribuidora Mariscal,Renee Melton,178,2010-08-21
3251,Fertilizantes Mayafer,Danielle Allen,179,2016-03-02
1887,Socios S.A.,Troy Smith,180,2016-05-24
420,Q&A,Gregory Hunt,181,2011-12-02
955,Socios S.A.,Crystal Erickson,182,2013-11-24
2607,Q&A,Jeffrey Gomez,183,2023-06-23
1626,Repuestos Aioli,Kathleen Perez,184,2015-06-30
3372,Farmacias R&R,Sharon Wilson,185,2019-07-04
1183,Farmacias Andoni-Mazza,Richard Duran,186,2012-09-22
890,Distribuidora Mariscal,John Garcia,187,2023-09-10
1820,Distribuidora Mariscal,David Nelson,188,2018-09-07
758,Distribuidora Mariscal,Marcus Arellano,189,2015-08-25
2649,Farmacias Andoni-Mazza,Ricky Murphy,190,2011-09-12
328,Salsas Don Justo,Paul Sharp,191,2011-09-11
2266,Farmacias R&R,Marco Palmer,192,2011-03-24
356,Repuestos Acquoni,Stacy Peters,193,2023-08-19
3444,Repuestos Acquoni,Candace Gordon,194,2016-06-06
460,EPA,Ricky Murphy,195,2010-02-13
3218,Distribuidora Mariscal,Michael Henry,196,2017-11-24
1262,Kinotipedia,Maria Sanders,197,2023-05-05
2231,Distribuidora Mariscal,Heather Ross,198,2018-03-20
293,Farmacias Andoni-Mazza,Wayne Tate,199,2013-01-16
955,Socios S.A.,Eric Snyder,200,2012-10-25
2478,Lavanderï¿½as Lara,Susan Copeland,201,2023-01-31
2660,Fertilizantes Mayafer,Stacey Ellis,202,2013-02-03
78,EPA,Kim Orozco,203,2021-01-07
1031,Repuestos Acquoni,Ralph Simmons,204,2018-03-28
2135,EPA,Jessica Avila,205,2013-03-25
3180,Lavanderï¿½as Lara,William Sheppard,206,2023-05-02
3336,Muebles El Roble,Marissa Evans,207,2015-08-10
2045,Lavanderï¿½as Lara,Monica Fisher,208,2017-01-13
497,Q&A,Kenneth Williams,209,2019-03-17
263,Antillon,Keith Bell,210,2015-09-16
2943,Muebles El Roble,Melissa Medina,211,2010-08-27
2113,Distribuidora Mariscal,Barbara Murphy,212,2013-01-03
1562,Q&A,Christopher James,213,2019-09-15
1431,Farmacias Andoni-Mazza,Nichole Berg,214,2023-09-15
3342,Ferreterï¿½as Coronado,Candace Gordon,215,2015-01-21
2982,EPA,Cassidy Simmons,216,2017-12-03
3023,Salsas Don Justo,Matthew Walsh,217,2018-11-24
1320,Repuestos Acquoni,Kevin Carrillo,218,2013-06-20
812,HH,Thomas Kim,219,2016-04-15
3201,Kinotipedia,Scott Smith,220,2018-07-06
1924,Lavanderï¿½as Lara,Samantha Lee,221,2013-11-04
3279,Muebles El Roble,Cheryl Robinson,222,2019-12-19
241,Muebles El Roble,Karen Kirby,223,2013-02-19
3365,Supermercados Fahsen,Jo Soto,224,2017-11-10
901,Antillon,Adam Marshall,225,2021-01-17
1429,Muebles El Roble,Gregory Hill,226,2011-03-12
223,Productos Toledo,Christopher Sullivan,227,2023-01-11
2834,Productos Toledo,Steven Stephens,228,2010-05-14
2887,Muebles El Roble,Henry Johnson,229,2021-01-04
1303,Farmacias R&R,Leah Crawford,230,2013-11-28
1692,Repuestos Acquoni,Gregory Nguyen,231,2022-02-17
723,Ferreterï¿½as Coronado,Jennifer Duran,232,2022-11-06
1754,Fertilizantes Mayafer,Pamela Boyd,233,2015-08-09
870,Kinotipedia,Richard Sanchez,234,2020-07-01
2796,HH,William Delgado,235,2020-06-14
2592,FIHCA S.A,Shane Perez,236,2014-06-02
3344,Productos Toledo,Carrie Chaney,237,2014-06-04
3442,Socios S.A.,Sandra Murphy,238,2021-07-29
2288,Ferreterï¿½as Coronado,Sarah Wilkerson,239,2012-01-20
3299,Antillon,Christopher Hughes,240,2010-04-06
3357,Productos Toledo,Nancy Mccoy,241,2014-10-14
587,Farmacias Andoni-Mazza,Kristi Watson,242,2012-03-04
352,Repuestos Acquoni,Mr. Martin Williams,243,2013-07-01
2814,FIHCA S.A,Andrea Dunlap,244,2020-06-03
203,Productos Toledo,Jeremy Nelson,245,2021-07-14
2817,Ferreterï¿½as Coronado,Kim Hill,246,2014-08-22
2556,Lavanderï¿½as Lara,Christina Camacho,247,2010-11-15
2468,Productos Toledo,Jesse Hardin,248,2020-05-06
2649,Kinotipedia,Donna Hutchinson,249,2020-09-22
2038,Repuestos Acquoni,Carrie Bean,250,2012-10-17
3114,Muebles El Roble,Timothy Jenkins,251,2010-10-11
2998,Fertilizantes Mayafer,Joe Smith,252,2012-07-18
1372,Farmacias R&R,Christopher Williams,253,2021-12-22
179,Antillon,Eric Adams,254,2018-10-08
3413,Fertilizantes Mayafer,Larry Gonzalez,255,2020-06-20
956,Socios S.A.,Kelly Marshall,256,2016-07-28
2715,Q&A,David Lee,257,2022-02-25
3472,Farmacias Andoni-Mazza,Cheryl Robinson,258,2018-08-08
149,Antillon,Kendra Kirby,259,2018-10-07
1454,Lavanderï¿½as Lara,Joshua Mullins,260,2015-02-11
2439,Farmacias R&R,William Delgado,261,2018-04-11
918,Salsas Don Justo,Sherry Jones,262,2017-11-25
2074,Productos Toledo,Jose Carey,263,2017-03-07
2581,FIHCA S.A,Stephanie Bryant,264,2015-05-22
2225,Socios S.A.,Timothy Bush,265,2015-06-07
1877,Salsas Don Justo,Corey Barber,266,2016-11-26
1251,Farmacias Andoni-Mazza,Brandon Henry,267,2020-08-02
1715,Productos Toledo,Dwayne Benson,268,2010-09-20
3178,Repuestos Acquoni,Debra Andersen,269,2021-01-04
3096,EPA,Paul Sharp,270,2015-03-22
1897,Repuestos Acquoni,Faith Chen,271,2022-08-03
2690,Repuestos Acquoni,Ashley Cameron,272,2021-06-01
3077,Fertilizantes Mayafer,Colleen Huffman,273,2019-05-26
2171,Farmacias Andoni-Mazza,Erin White,274,2013-05-03
1172,Productos Toledo,Keith Bell,275,2017-10-14
1310,Ferreterï¿½as Coronado,Christopher Mcdonald,276,2019-02-04
1450,HH,Jessica Buck,277,2015-06-15
1241,Ferreterï¿½as Coronado,Elizabeth Garcia,278,2023-08-18
1982,Supermercados Fahsen,Johnny Smith,279,2017-11-28
391,FIHCA S.A,Cassandra Meyer,280,2012-05-04
1468,Q&A,Christopher Wiley,281,2014-09-21
3236,Repuestos Acquoni,Timothy Jenkins,282,2011-01-27
3429,Farmacias R&R,Sean Hancock,283,2011-02-19
1940,Kinotipedia,Steven Stephens,284,2020-11-11
1195,FIHCA S.A,Tara Mullen,285,2014-01-11
1165,Distribuidora Mariscal,Michael Robles,286,2015-04-16
1386,Socios S.A.,Joseph Ortiz,287,2020-02-22
429,Productos Toledo,Stephanie Fuentes,288,2023-07-02
679,Muebles El Roble,Jerry Short,289,2010-03-26
2480,EPA,William Delgado,290,2019-11-23
1977,Salsas Don Justo,Sherry Jones,291,2022-06-19
2879,Ferreterï¿½as Coronado,Brianna Dunn,292,2015-05-31
3053,Muebles El Roble,Matthew Rodriguez,293,2019-11-17
25,Productos Toledo,Tracy Bond,294,2018-07-31
2257,Farmacias R&R,Bailey Green,295,2010-12-22
3009,Repuestos Aioli,Randy Andrews,296,2021-12-02
2477,Repuestos Acquoni,Brooke Cox,297,2014-06-17
2984,Repuestos Acquoni,Cassidy Simmons,298,2015-07-05
2592,Salsas Don Justo,Jessica Avila,299,2013-08-04
2893,Supermercados Fahsen,Stacy Flores,300,2017-12-04
2254,Productos Toledo,Stephanie Barnett,301,2021-06-27
720,Farmacias R&R,James Rodriguez,302,2020-10-06
13,Repuestos Aioli,Derek Ramirez,303,2016-07-12
851,FIHCA S.A,Margaret Robinson,304,2010-02-14
3470,Farmacias R&R,Omar Jackson,305,2014-07-15
291,FIHCA S.A,Jacqueline Harris,306,2014-05-10
355,Productos Toledo,Danielle Allen,307,2018-10-08
487,FIHCA S.A,Kristine Davis,308,2013-06-24
343,Repuestos Aioli,Timothy Boyd,309,2020-09-28
869,Farmacias Andoni-Mazza,Adam Hicks,310,2015-09-09
1411,FIHCA S.A,Elizabeth Ochoa,311,2013-05-31
1536,Salsas Don Justo,Megan Thomas,312,2019-03-31
264,Ferreterï¿½as Coronado,Jennifer Hodges,313,2020-03-28
1980,HH,Sabrina Gill,314,2016-12-05
2934,Cemaco,Scott Cantu,315,2015-02-26
285,Repuestos Acquoni,Deborah Mathews,316,2016-11-16
1012,Lavanderï¿½as Lara,Melody Lee,317,2012-10-10
3222,Muebles El Roble,James James,318,2012-10-07
1893,Lavanderï¿½as Lara,Larry Charles,319,2010-12-09
1274,Socios S.A.,Alec Hopkins,320,2016-01-03
2030,Supermercados Fahsen,Jessica Baker,321,2021-10-13
2139,Distribuidora Mariscal,Jo Soto,322,2015-09-10
2454,Socios S.A.,Anne Webb,323,2013-03-10
1723,Cemaco,Robert Rodriguez,324,2020-12-15
2595,Supermercados Fahsen,Michael Hernandez,325,2016-07-28
888,Repuestos Acquoni,Mark Lutz,326,2022-05-28
1377,Repuestos Aioli,Paul Campbell,327,2010-07-12
1816,Repuestos Aioli,Amy Matthews,328,2016-06-06
2787,Q&A,Christopher Lucas,329,2011-09-03
3477,EPA,Molly Baker,330,2022-06-06
646,Productos Toledo,Joseph Jackson,331,2013-02-08
2146,Productos Toledo,Rodney King,332,2015-05-02
3172,EPA,Chase Smith,333,2023-08-06
612,Kinotipedia,Jennifer Bradley,334,2012-10-31
2583,Ferreterï¿½as Coronado,Thomas Brown,335,2011-12-25
161,Ferreterï¿½as Coronado,Melissa Maldonado,336,2019-10-23
180,Repuestos Acquoni,Calvin Scott,337,2022-09-26
3135,Kinotipedia,Alfred Weber,338,2014-08-29
1931,Productos Toledo,Ashley Hart,339,2014-06-26
3312,Antillon,Matthew Walsh,340,2013-05-25
3312,Antillon,Russell Smith,341,2011-12-17
170,Lavanderï¿½as Lara,Amanda Evans,342,2016-07-05
402,Farmacias Andoni-Mazza,William Pacheco,343,2015-04-20
2898,Distribuidora Mariscal,Jessica Buck,344,2015-11-25
3344,Distribuidora Mariscal,Sandra Lamb,345,2023-12-16
2396,Muebles El Roble,Alexander Hunter,346,2017-11-23
2049,Muebles El Roble,Lisa Stuart,347,2017-06-23
2586,Antillon,Barbara Murphy,348,2017-10-09
413,Socios S.A.,Derrick Lopez,349,2011-04-28
307,Fertilizantes Mayafer,Kathleen Brown,350,2017-03-03
1401,Kinotipedia,Vanessa Mclean,351,2019-04-17
3041,Farmacias Andoni-Mazza,David Smith,352,2023-08-24
1089,Salsas Don Justo,Bryan Harris,353,2019-02-03
2907,Productos Toledo,Susan Garcia,354,2018-08-22
1436,Farmacias Andoni-Mazza,Jeremy Walker,355,2012-07-08
2333,Salsas Don Justo,Alec Hopkins,356,2021-04-05
592,Antillon,Mr. Logan Hamilton,357,2013-11-05
1694,Productos Toledo,Jerry Short,358,2021-07-13
18,Repuestos Acquoni,Ashley Shannon,359,2017-10-26
3407,Ferreterï¿½as Coronado,Dr. Sarah Miller,360,2012-01-20
3333,Supermercados Fahsen,Tracy Bond,361,2015-01-07
3238,Distribuidora Mariscal,Michelle Cross,362,2014-02-11
673,Distribuidora Mariscal,Elizabeth Estes,363,2014-12-05
94,Distribuidora Mariscal,Christian Velazquez MD,364,2016-12-17
2833,Repuestos Aioli,Sean Foster,365,2017-01-06
3262,Q&A,Faith Chen,366,2011-04-21
3212,Q&A,Erin Pope,367,2020-05-04
1851,FIHCA S.A,Sandra Jones,368,2015-02-12
2466,Q&A,Ashley Hart,369,2018-11-22
1078,Supermercados Fahsen,Jennifer Adams,370,2020-03-22
2464,Kinotipedia,Tracy Hall,371,2021-04-07
1099,Q&A,Briana Mann,372,2022-11-28
1967,Q&A,Justin Moore,373,2022-09-06
249,Socios S.A.,Alyssa King,374,2011-05-31
3482,Fertilizantes Mayafer,Fred Williams,375,2016-10-01
2990,EPA,Dana Ramos,376,2017-08-14
2676,Productos Toledo,Christine Hernandez,377,2011-12-12
215,Antillon,Brian Whitney,378,2020-06-13
2042,Fertilizantes Mayafer,Rebecca Colon,379,2010-01-05
2209,Socios S.A.,David Anderson,380,2015-08-29
3440,FIHCA S.A,Alexander Rodriguez,381,2013-07-28
2881,Farmacias Andoni-Mazza,Brian Whitney,382,2012-01-15
381,Repuestos Aioli,Jason Mclaughlin,383,2011-01-08
2519,Supermercados Fahsen,Gregory Hill,384,2016-02-28
342,Ferreterï¿½as Coronado,Ashley Park,385,2015-02-08
3320,Q&A,Brittany Clark,386,2023-11-03
830,Socios S.A.,Shannon Rasmussen,387,2016-05-08
3117,Supermercados Fahsen,Brianna Dunn,388,2011-07-10
1347,Kinotipedia,Dr. Megan West,389,2020-06-01
2458,HH,Barbara Murphy,390,2023-07-10
2720,Distribuidora Mariscal,Joshua Woodard,391,2018-05-20
2766,Salsas Don Justo,Rebecca Graham,392,2016-06-07
391,Salsas Don Justo,John Weaver,393,2011-02-27
1307,Repuestos Aioli,Rachel Powell,394,2013-03-28
1335,Farmacias R&R,Rachel Brown,395,2010-02-02
2229,FIHCA S.A,Judy Martin,396,2021-07-29
572,EPA,Jordan Brown,397,2023-04-28
387,Ferreterï¿½as Coronado,Jacqueline Taylor,398,2013-03-02
1925,Farmacias Andoni-Mazza,Hailey Shea,399,2016-11-09
2576,Farmacias R&R,Sandra Lamb,400,2011-10-18
3458,Kinotipedia,Garrett Cox,401,2011-07-31
962,Repuestos Acquoni,Yesenia Shaw,402,2017-01-20
775,Distribuidora Mariscal,David Vazquez,403,2018-10-22
881,Muebles El Roble,Christina Middleton,404,2019-04-08
1960,Productos Toledo,Christine Hernandez,405,2014-01-21
1546,EPA,Anna Ryan,406,2018-09-23
1524,Supermercados Fahsen,Justin Rodriguez,407,2022-07-06
2701,Supermercados Fahsen,Ashley Hart,408,2014-04-09
3039,Antillon,Timothy Sullivan,409,2018-11-28
1889,Lavanderï¿½as Lara,Michael Daniel,410,2010-11-07
806,Farmacias R&R,Courtney Kemp,411,2011-03-24
1290,Repuestos Aioli,Elizabeth Smith,412,2013-11-05
1539,Repuestos Aioli,Jason Leon,413,2017-07-19
2009,Q&A,Christopher James,414,2010-03-01
2991,Repuestos Acquoni,Amy Matthews,415,2011-07-16
2318,Kinotipedia,Daniel Parsons,416,2014-12-07
575,Q&A,Patricia Farmer,417,2020-04-18
3357,FIHCA S.A,Daniel Hendricks,418,2011-06-21
2253,Productos Toledo,Dylan Wilson,419,2012-10-13
2650,Productos Toledo,Kristen Mcfarland,420,2013-04-05
1483,Lavanderï¿½as Lara,Michael Griffin,421,2013-01-06
1884,Distribuidora Mariscal,Danielle Brown,422,2018-01-31
556,Ferreterï¿½as Coronado,Derek Fry,423,2022-04-12
1445,EPA,Roger Shaffer,424,2010-05-18
1537,Fertilizantes Mayafer,Jose Carey,425,2014-09-10
2074,Repuestos Aioli,Maria Sanders,426,2010-08-19
861,Kinotipedia,David Lee,427,2022-07-04
1134,Farmacias Andoni-Mazza,William Thomas,428,2020-11-16
2488,Repuestos Aioli,Mark Dominguez,429,2012-09-21
612,Antillon,Dawn Lin,430,2012-10-26
160,FIHCA S.A,David Nelson,431,2023-07-28
1692,Q&A,Ryan Shaw,432,2016-08-01
301,Muebles El Roble,Cody Hansen,433,2018-03-29
2278,Farmacias R&R,Stacy Peters,434,2019-01-05
2972,Cemaco,Willie Juarez,435,2012-01-22
2387,Ferreterï¿½as Coronado,James Miller,436,2023-07-08
2833,Ferreterï¿½as Coronado,Gina Durham,437,2020-07-02
1012,Lavanderï¿½as Lara,Caroline Kelly,438,2012-08-16
3072,Lavanderï¿½as Lara,Emma Harris,439,2010-10-03
718,Repuestos Aioli,Jamie Boyer,440,2015-10-08
3067,Ferreterï¿½as Coronado,Daniel Long,441,2023-10-15
713,FIHCA S.A,Colin Williams,442,2023-11-21
3421,Lavanderï¿½as Lara,Roger Shaffer,443,2018-10-11
804,Fertilizantes Mayafer,Cody West,444,2019-12-13
1756,Farmacias R&R,Angela Miller,445,2022-01-20
278,Repuestos Aioli,Melinda Leon,446,2016-02-03
2556,EPA,Richard Duran,447,2020-01-25
2797,Ferreterï¿½as Coronado,Joshua Newton,448,2021-01-03
1937,Muebles El Roble,Timothy Williams,449,2023-09-15
2448,Repuestos Acquoni,Courtney Kemp,450,2020-07-10
3132,Farmacias R&R,Melissa Harvey,451,2017-09-24
1607,Supermercados Fahsen,Robert Rodriguez,452,2016-12-28
1309,Cemaco,Taylor Humphrey,453,2019-04-09
1628,Q&A,Dr. Michael Taylor,454,2022-05-17
434,Salsas Don Justo,Rachel Thompson,455,2015-05-06
3305,Farmacias R&R,Joshua Newton,456,2021-10-19
345,Muebles El Roble,Daniel Parsons,457,2013-02-05
1934,Lavanderï¿½as Lara,Eileen Ramos,458,2017-11-25
1895,Farmacias Andoni-Mazza,Tyler Wise,459,2023-02-27
1229,Socios S.A.,Scott Barton,460,2021-11-26
566,Lavanderï¿½as Lara,Tonya Williams,461,2021-11-21
3368,Farmacias Andoni-Mazza,Steven Ruiz,462,2012-10-05
1433,EPA,Christina Middleton,463,2020-03-28
197,Kinotipedia,Bradley Wallace,464,2011-10-07
2885,Supermercados Fahsen,Robert Lee,465,2015-05-02
1566,Farmacias R&R,Ryan Greer,466,2020-07-14
2339,Q&A,Ricardo Wilson,467,2018-12-27
2058,FIHCA S.A,Timothy Sullivan,468,2010-01-26
3137,Repuestos Aioli,Jason Vargas,469,2018-06-20
1810,Farmacias R&R,Sabrina Gill,470,2018-09-04
2759,Socios S.A.,Ashley Gibbs,471,2022-03-05
187,Lavanderï¿½as Lara,Stephanie Hays,472,2015-10-22
116,Productos Toledo,Lisa Fleming,473,2014-07-08
1395,EPA,Joshua Newton,474,2020-04-23
895,Lavanderï¿½as Lara,Marcus May,475,2023-04-28
299,Farmacias R&R,Kelly Marshall,476,2018-11-21
966,Kinotipedia,Emily Brown,477,2021-05-28
35,Repuestos Aioli,Marcia Wheeler,478,2013-11-08
712,Supermercados Fahsen,Tracy Hall,479,2018-07-24
355,Socios S.A.,Jeremy Nelson,480,2016-07-21
260,Socios S.A.,Rachel Powell,481,2019-05-19
2110,Repuestos Acquoni,Judy Martin,482,2011-09-24
2501,Ferreterï¿½as Coronado,Mary Spencer,483,2023-12-29
1607,Productos Toledo,Brian Johnson,484,2017-03-30
2252,Cemaco,Angela Wood,485,2010-04-02
1225,Repuestos Aioli,Christopher Webster,486,2014-01-13
2438,Supermercados Fahsen,Jamie Boyer,487,2016-01-16
1587,Kinotipedia,Jordan Saunders,488,2015-07-26
44,Antillon,Elizabeth Smith,489,2014-04-22
634,EPA,Rodney King,490,2021-07-22
847,EPA,Mr. Nicholas Johnston,491,2021-11-18
1107,Q&A,John Weaver,492,2022-09-06
2072,Kinotipedia,Deborah Martin,493,2019-10-11
1039,Q&A,James James,494,2022-11-11
104,FIHCA S.A,Jason Vargas,495,2019-05-13
2431,Kinotipedia,Scott Smith,496,2016-04-04
1040,Productos Toledo,Kristin Rivera,497,2019-04-05
2805,Distribuidora Mariscal,Mark Gill,498,2012-06-08
1679,Lavanderï¿½as Lara,Nathan Clayton,499,2021-07-03
1067,Productos Toledo,Luis Clark,500,2011-03-12
1029,Salsas Don Justo,Dr. Kevin Wood DVM,501,2013-05-17
2597,Supermercados Fahsen,Sharon Graves,502,2023-10-01
3169,Ferreterï¿½as Coronado,Karl Camacho,503,2010-05-08
1029,Q&A,Christopher Webster,504,2020-09-27
3014,Farmacias Andoni-Mazza,Janice Estrada,505,2010-06-24
903,Productos Toledo,Brianna Merritt,506,2021-08-09
900,Ferreterï¿½as Coronado,Laura King,507,2020-08-01
2501,Repuestos Aioli,Jamie Hernandez,508,2013-07-16
2065,EPA,Casey Brewer,509,2012-08-26
1768,Q&A,Sean Foster,510,2019-11-07
2724,Productos Toledo,William Griffith,511,2023-11-17
2013,Lavanderï¿½as Lara,Anthony Massey,512,2021-01-08
1676,Salsas Don Justo,Kyle Thompson,513,2014-02-26
151,Fertilizantes Mayafer,Debra Chung,514,2022-05-04
2748,Repuestos Acquoni,Stephanie Bryant,515,2011-10-10
2218,Productos Toledo,Stacy Hughes,516,2010-01-01
2196,Distribuidora Mariscal,Sandra Johnson,517,2013-03-18
156,Farmacias R&R,Joshua Blake,518,2010-12-12
2952,Farmacias Andoni-Mazza,Rachel Walker,519,2012-09-29
1137,EPA,Jessica Buck,520,2023-08-14
222,Productos Toledo,Amanda Delgado,521,2015-01-09
635,Productos Toledo,Jordan Saunders,522,2018-04-21
2960,FIHCA S.A,Thomas Lewis,523,2011-08-23
268,Farmacias R&R,Ashley Shannon,524,2014-03-20
3062,Lavanderï¿½as Lara,Dr. Sarah Miller,525,2018-05-06
1819,Repuestos Acquoni,Emily Brown,526,2011-10-12
2662,Antillon,Steven Hurst,527,2016-02-23
2815,Kinotipedia,Victor Ramsey,528,2017-12-05
116,Repuestos Acquoni,Jennifer Price,529,2012-12-27
579,Productos Toledo,Dylan Carney,530,2012-08-03
1513,Fertilizantes Mayafer,Donna Wilson,531,2014-09-10
2879,Productos Toledo,David Henderson,532,2017-04-15
3431,Kinotipedia,Nichole Berg,533,2010-02-02
3119,Socios S.A.,Timothy Sullivan,534,2015-05-06
2030,Farmacias R&R,Kristine Davis,535,2023-06-17
1143,Q&A,Michael Henry,536,2015-08-03
1219,Lavanderï¿½as Lara,Jonathan Price,537,2014-06-25
3109,Fertilizantes Mayafer,Randy Sanchez,538,2017-12-05
714,Farmacias Andoni-Mazza,Christopher Mcdonald,539,2017-08-31
3438,HH,Marcia Wheeler,540,2019-11-09
2958,Repuestos Acquoni,Jennifer Price,541,2020-12-26
1028,Antillon,Matthew Rodriguez,542,2023-03-04
2171,EPA,Willie Juarez,543,2016-12-25
3234,Lavanderï¿½as Lara,Brian Bentley,544,2016-09-02
3217,Antillon,Richard Osborn,545,2020-05-07
1844,Muebles El Roble,Jessica Kelly,546,2010-05-21
383,Cemaco,Angel Smith,547,2015-06-29
2846,Q&A,Ashley Shannon,548,2011-10-11
864,Socios S.A.,Gregory Hines,549,2017-07-17
2285,Cemaco,Stacy Flores,550,2010-12-17
1127,Q&A,Kristi Watson,551,2022-09-13
1932,FIHCA S.A,Brian Rodriguez,552,2016-11-04
862,Distribuidora Mariscal,Benjamin Bailey,553,2011-05-22
802,Salsas Don Justo,Stephanie Bryant,554,2020-09-24
2155,Kinotipedia,Adam Smith,555,2017-10-06
1048,Lavanderï¿½as Lara,Michael Griffin,556,2015-05-30
2153,Antillon,Laura Smith,557,2015-04-21
3288,Lavanderï¿½as Lara,Janice Estrada,558,2016-02-12
2852,Fertilizantes Mayafer,Rachel Thompson,559,2022-03-16
131,Cemaco,Amber Wolfe,560,2022-09-04
1526,HH,Brian Whitney,561,2017-02-09
1877,Cemaco,Jason Wells,562,2018-06-22
2779,Cemaco,Theresa Cervantes,563,2022-06-27
2558,Repuestos Aioli,Deborah Mathews,564,2023-11-27
537,Repuestos Acquoni,Billy Costa,565,2015-04-04
131,HH,Justin Rodriguez,566,2010-10-08
476,Q&A,Vanessa Brown,567,2021-07-27
1431,Repuestos Acquoni,Megan Walker,568,2014-10-06
2082,Farmacias Andoni-Mazza,Allen Lee,569,2017-03-01
2980,Kinotipedia,Mrs. Cathy Martin,570,2019-03-25
3311,Farmacias Andoni-Mazza,Ruth Sharp,571,2020-09-01
2965,Cemaco,Scott Cantu,572,2013-07-04
2858,Kinotipedia,John Reynolds,573,2012-01-28
1163,Muebles El Roble,Timothy Jenkins,574,2021-11-21
2609,HH,Deanna Hernandez,575,2014-04-11
717,Lavanderï¿½as Lara,Christopher Jensen,576,2023-04-27
2286,Farmacias R&R,Jacob Young,577,2019-08-28
466,Repuestos Aioli,Deanna Trevino,578,2023-12-23
1216,FIHCA S.A,Ashley Ortiz,579,2016-12-10
2682,Muebles El Roble,William Lawson,580,2014-06-02
1912,FIHCA S.A,Eileen Ramos,581,2018-02-23
118,Farmacias R&R,Mr. Jason Osborne II,582,2014-01-16
3492,Supermercados Fahsen,Jonathan Price,583,2010-03-10
2019,Farmacias R&R,Emily Daniel,584,2020-02-16
2825,HH,Sarah Castillo,585,2023-07-02
45,EPA,Jennifer Hodges,586,2020-11-20
2280,Supermercados Fahsen,Christine Peterson,587,2018-06-01
2324,Q&A,Ryan Shaw,588,2016-01-03
1669,HH,Barbara Walker,589,2010-10-18
1477,Distribuidora Mariscal,Stacy Brown,590,2012-06-09
744,Distribuidora Mariscal,Danielle Allen,591,2021-04-04
3111,Socios S.A.,Kelly Marshall,592,2017-07-14
845,Kinotipedia,Margaret Robinson,593,2014-01-16
2755,HH,Alfred Weber,594,2014-09-27
1464,Repuestos Aioli,Lauren Garcia,595,2019-10-08
2998,Cemaco,Timothy Bush,596,2017-11-10
1560,HH,Cassidy Simmons,597,2023-05-06
634,Antillon,Mr. Jason Osborne II,598,2018-09-01
628,Q&A,Adam Anderson,599,2021-03-10
581,EPA,Erin Allen,600,2016-02-15
1356,Salsas Don Justo,Joshua Woodard,601,2013-03-09
2231,Repuestos Aioli,Kyle Kennedy,602,2013-07-08
2906,Farmacias R&R,Adam Hicks,603,2015-11-04
396,Productos Toledo,Timothy Williams,604,2010-03-17
3435,EPA,Christopher Williams,605,2023-06-15
1732,Farmacias Andoni-Mazza,Sandra Murphy,606,2019-08-05
1237,Repuestos Acquoni,James Quinn,607,2021-04-01
2237,Kinotipedia,David Murphy,608,2014-02-04
3263,Farmacias R&R,Brian Bentley,609,2012-06-20
187,Salsas Don Justo,Isaac Simmons,610,2013-03-26
1824,Lavanderï¿½as Lara,Holly Rodgers,611,2023-10-04
2023,Fertilizantes Mayafer,Dana Ramos,612,2021-05-08
1708,Q&A,Eric Adams,613,2014-08-02
3260,Socios S.A.,Christopher Wiley,614,2020-09-27
380,Farmacias R&R,Tiffany Gonzales,615,2014-05-10
2900,Ferreterï¿½as Coronado,Susan Copeland,616,2013-08-15
2067,Q&A,Melinda Lutz,617,2010-04-01
693,Muebles El Roble,Annette Smith,618,2013-10-03
253,Fertilizantes Mayafer,Jessica Baker,619,2021-08-26
2322,Q&A,Jacob Costa,620,2018-04-14
1792,Distribuidora Mariscal,Brittany Mckay,621,2010-07-07
1298,Repuestos Aioli,Amber Wolfe,622,2016-07-03
38,Repuestos Aioli,Kenneth Moore,623,2019-02-05
893,FIHCA S.A,Rachel Powell,624,2013-04-25
819,FIHCA S.A,Jerry Short,625,2011-12-16
125,Cemaco,Richard Wright,626,2022-06-19
739,Distribuidora Mariscal,Marcus May,627,2013-01-30
1152,Farmacias Andoni-Mazza,David Estes,628,2019-04-03
254,Ferreterï¿½as Coronado,Megan Thomas,629,2016-09-23
328,Muebles El Roble,Dr. Kevin Wood DVM,630,2016-02-04
2870,Supermercados Fahsen,Jillian Wang,631,2015-11-02
480,EPA,Brett Gay,632,2023-04-24
1038,HH,Ronald Potter,633,2010-10-21
725,Kinotipedia,Jose Carey,634,2019-12-10
948,Cemaco,Pamela Perry,635,2010-06-12
73,Farmacias Andoni-Mazza,Joseph Duncan,636,2019-04-19
1408,Cemaco,Ashley Freeman,637,2014-05-27
1716,Repuestos Acquoni,Patricia Robertson,638,2012-12-05
723,HH,Sean Davidson,639,2014-07-08
2002,Farmacias R&R,Dawn Lin,640,2015-09-14
896,Farmacias Andoni-Mazza,Teresa Singleton,641,2015-09-26
1881,Cemaco,Sarah Castillo,642,2023-01-05
2784,Cemaco,Megan Thomas,643,2011-06-06
3470,Kinotipedia,Nicholas Santiago Jr.,644,2014-09-04
1648,EPA,Cassidy Simmons,645,2018-10-25
3244,Supermercados Fahsen,Dawn Weiss,646,2023-07-27
2243,Supermercados Fahsen,Ronald Potter,647,2020-06-21
157,Distribuidora Mariscal,Marcia Wheeler,648,2022-12-29
2313,Ferreterï¿½as Coronado,Cheryl Long,649,2016-07-17
83,EPA,Tara Mullen,650,2022-08-29
3030,Supermercados Fahsen,Suzanne Johnson,651,2011-07-13
2924,FIHCA S.A,Nicholas Santiago Jr.,652,2018-10-09
734,Farmacias Andoni-Mazza,Christopher Williams,653,2014-11-02
926,Cemaco,Shelby Russell,654,2011-09-29
2699,FIHCA S.A,Megan Mcdonald,655,2021-01-23
2283,Antillon,Gina Durham,656,2012-02-04
42,Q&A,Paul Campbell,657,2019-02-24
373,Cemaco,Isaac Simmons,658,2022-09-08
2070,Lavanderï¿½as Lara,Dorothy Rowland,659,2017-10-14
1949,Lavanderï¿½as Lara,Mike Keith,660,2019-11-26
1790,Farmacias R&R,Emily Brown,661,2010-03-27
200,Farmacias Andoni-Mazza,Matthew Brown,662,2018-09-26
454,Productos Toledo,Anne Webb,663,2012-05-23
3236,Kinotipedia,Heather Taylor,664,2019-08-22
3369,Kinotipedia,Stephanie Fuentes,665,2019-09-04
211,Farmacias Andoni-Mazza,Willie Juarez,666,2011-08-10
2480,EPA,Brian Harris,667,2012-03-16
1525,Q&A,Thomas Munoz,668,2022-02-28
1240,Repuestos Aioli,Sally Williams,669,2011-08-02
183,Salsas Don Justo,Felicia Sandoval,670,2010-04-11
40,EPA,William Lawson,671,2015-10-15
934,Fertilizantes Mayafer,John Bennett,672,2014-03-18
1962,Socios S.A.,Ashley Gibbs,673,2018-05-23
2390,Fertilizantes Mayafer,Eric Carter,674,2017-04-29
3077,Repuestos Aioli,Adam Marshall,675,2013-06-06
2964,Muebles El Roble,Michael Caldwell,676,2011-12-14
2344,Farmacias R&R,Laurie Bryant,677,2014-12-07
848,Farmacias R&R,Jeremy Byrd,678,2019-08-25
2654,Fertilizantes Mayafer,Jack Smith,679,2018-08-05
2707,Productos Toledo,Tracy Stephens,680,2017-02-14
202,Salsas Don Justo,Omar Jackson,681,2020-11-21
2961,Lavanderï¿½as Lara,Amanda Evans,682,2014-11-09
145,Socios S.A.,Allen Lee,683,2013-04-28
2046,Repuestos Acquoni,Ashley Park,684,2023-12-27
3035,Ferreterï¿½as Coronado,Debra Andersen,685,2013-01-02
2611,Ferreterï¿½as Coronado,Melissa Medina,686,2018-08-29
259,Socios S.A.,Christy Walker,687,2023-10-22
1473,Fertilizantes Mayafer,Blake Russell,688,2014-11-09
2586,Repuestos Aioli,John Reynolds,689,2013-06-17
2954,Ferreterï¿½as Coronado,Jeremy Byrd,690,2023-04-04
3331,Farmacias Andoni-Mazza,Perry Cordova,691,2021-11-14
1978,Repuestos Acquoni,Christy Walker,692,2018-06-14
432,Socios S.A.,Patrick Barber,693,2010-03-31
1864,Farmacias R&R,Kristine Davis,694,2019-10-07
1225,Q&A,Whitney Norman,695,2022-02-14
597,Farmacias Andoni-Mazza,Janice Estrada,696,2016-05-01
1808,FIHCA S.A,Chase Page,697,2019-12-08
1187,Salsas Don Justo,Thomas Kim,698,2019-08-19
1275,Muebles El Roble,Vanessa Mclean,699,2021-09-20
1331,Farmacias Andoni-Mazza,Carrie Bean,700,2016-10-22
2506,Salsas Don Justo,Heather Taylor,701,2021-03-18
2021,Ferreterï¿½as Coronado,Brandon Miller,702,2016-06-29
2924,Distribuidora Mariscal,Angela Phillips,703,2023-12-31
1060,Cemaco,Matthew Walsh,704,2019-02-16
2383,Supermercados Fahsen,Donald Davis,705,2011-07-29
1810,Supermercados Fahsen,Janet Barr,706,2011-12-21
540,Antillon,Andrea Gilbert,707,2020-07-24
3092,Repuestos Aioli,Angela Wood,708,2015-06-12
555,Fertilizantes Mayafer,Anna Wright,709,2010-05-27
1683,Ferreterï¿½as Coronado,Michelle Cross,710,2019-04-19
3318,Farmacias R&R,Anna Cannon,711,2023-05-09
393,Cemaco,Sandra Riley,712,2014-09-27
857,Repuestos Acquoni,Gregory Ferguson,713,2014-02-23
2177,Productos Toledo,Steven Hurst,714,2016-02-27
2401,HH,Johnny Rogers,715,2016-10-18
2582,Distribuidora Mariscal,Rebecca May,716,2010-05-19
1642,Q&A,Megan Mcdonald,717,2018-06-21
1186,Fertilizantes Mayafer,Joe Smith,718,2020-07-05
3444,Fertilizantes Mayafer,Karen Ramirez,719,2021-05-23
359,Repuestos Acquoni,Amy Mckinney,720,2011-08-13
1009,Distribuidora Mariscal,Diane Ford,721,2023-09-19
3190,Ferreterï¿½as Coronado,Elizabeth Estes,722,2014-04-29
229,Distribuidora Mariscal,Janice Estrada,723,2016-11-12
2530,Repuestos Acquoni,Thomas Kim,724,2015-10-05
813,Q&A,Kenneth Cruz,725,2020-02-23
932,Ferreterï¿½as Coronado,Ryan Shaw,726,2018-07-13
2163,Muebles El Roble,Jacob Young,727,2018-11-03
3240,FIHCA S.A,Keith White,728,2021-03-30
3415,Kinotipedia,Michelle Scott,729,2022-05-10
3010,Distribuidora Mariscal,Sherri Adams,730,2011-06-20
1976,Kinotipedia,Stacy Hughes,731,2015-08-02
418,Repuestos Aioli,William Griffith,732,2017-07-09
2874,Salsas Don Justo,Joshua Woodard,733,2021-11-02
958,Distribuidora Mariscal,Andrew Ball,734,2021-10-11
180,Cemaco,Deanna Hernandez,735,2015-08-15
29,Repuestos Acquoni,William Griffith,736,2011-01-29
3062,Fertilizantes Mayafer,Mary Sampson,737,2018-06-07
2285,Socios S.A.,Jaclyn Evans,738,2012-11-09
3310,Repuestos Acquoni,Jessica Baker,739,2014-01-06
2918,Cemaco,Brittany Ferguson,740,2014-02-15
287,Fertilizantes Mayafer,Joshua Mullins,741,2012-02-23
929,HH,William Thomas,742,2019-10-14
1514,Repuestos Aioli,Crystal Erickson,743,2018-02-08
3293,Kinotipedia,Jennifer Hodges,744,2017-12-09
1255,Antillon,Michael Miller,745,2014-10-22
2632,Lavanderï¿½as Lara,Sherri Adams,746,2010-07-03
869,Farmacias Andoni-Mazza,Monica Brown,747,2018-04-01
209,Cemaco,Kevin Carrillo,748,2013-08-19
1432,Q&A,Bailey Green,749,2013-09-10
3342,Salsas Don Justo,Gina Durham,750,2020-01-04
1919,Supermercados Fahsen,Laurie Bryant,751,2013-07-03
2787,Muebles El Roble,Ethan Mayo,752,2019-03-11
2538,HH,Randy Andrews,753,2015-11-04
2344,Muebles El Roble,Bradley Wallace,754,2015-08-03
1043,Muebles El Roble,Brianna Dunn,755,2011-05-11
2031,Fertilizantes Mayafer,Heather Jackson,756,2013-06-23
1221,Socios S.A.,Jessica Baker,757,2014-10-27
2544,Repuestos Acquoni,Matthew Walsh,758,2022-04-24
599,Muebles El Roble,Jaclyn Evans,759,2014-07-09
3348,HH,Michael Thomas,760,2022-09-13
2789,Repuestos Acquoni,Cassandra Smith,761,2010-11-28
2764,Ferreterï¿½as Coronado,Marcus May,762,2016-04-25
1582,Supermercados Fahsen,Jacob Davis,763,2017-12-31
143,FIHCA S.A,Elizabeth Washington,764,2012-11-22
3380,Distribuidora Mariscal,Paul Campbell,765,2016-05-03
594,Kinotipedia,Kimberly Tapia,766,2019-05-19
1682,Productos Toledo,Jennifer Duran,767,2023-11-06
125,Fertilizantes Mayafer,Stephen Diaz,768,2012-06-30
2965,Salsas Don Justo,Willie Juarez,769,2012-10-09
750,Kinotipedia,Tracy Bond,770,2011-01-03
1883,Repuestos Acquoni,Leah Crawford,771,2021-09-15
2330,Socios S.A.,Johnny Rogers,772,2023-10-13
632,Distribuidora Mariscal,Kelly Marshall,773,2010-07-27
2547,Lavanderï¿½as Lara,Sandra Murphy,774,2013-04-29
377,HH,Russell Sims,775,2013-06-16
2314,Ferreterï¿½as Coronado,Michelle Cross,776,2012-08-11
3105,Farmacias Andoni-Mazza,Melissa Medina,777,2011-12-08
2970,Farmacias Andoni-Mazza,Teresa Berger,778,2023-07-28
1656,Lavanderï¿½as Lara,Brittany Ferguson,779,2014-01-26
52,FIHCA S.A,Bradley Nguyen,780,2022-09-16
3022,FIHCA S.A,Russell Smith,781,2020-09-30
1751,Distribuidora Mariscal,Brett Johnson,782,2013-11-25
2508,Q&A,Joshua Cervantes,783,2019-05-31
1962,Repuestos Aioli,Jonathan Murray,784,2010-03-04
3431,Supermercados Fahsen,Pamela Boyd,785,2018-09-14
2872,Repuestos Acquoni,Michael Williams,786,2011-05-25
1064,HH,Timothy Boyd,787,2013-03-16
2528,Productos Toledo,Keith White,788,2017-10-18
371,Ferreterï¿½as Coronado,Ashley Cameron,789,2017-09-11
1283,Distribuidora Mariscal,Angel Smith,790,2010-10-26
1332,Repuestos Aioli,Angela Phillips,791,2010-08-20
2118,Farmacias R&R,Bryan Harris,792,2013-06-16
829,Socios S.A.,Bradley Wallace,793,2019-05-01
373,Salsas Don Justo,Michelle Scott,794,2019-05-07
2741,Muebles El Roble,Teresa Singleton,795,2010-10-22
526,Cemaco,James James,796,2022-09-13
616,Salsas Don Justo,Yesenia Shaw,797,2011-09-15
994,Repuestos Aioli,Sara Wood,798,2022-07-26
2966,Supermercados Fahsen,Shelby Ramos,799,2014-12-09
480,FIHCA S.A,Casey Franklin,800,2018-07-30
1986,EPA,Jesse Hardin,801,2011-11-17
2348,Fertilizantes Mayafer,Andrea Wilson,802,2020-12-05
2886,HH,William Sheppard,803,2017-08-09
394,Antillon,Andrew Russo,804,2023-11-20
3138,Muebles El Roble,Brittany Ferguson,805,2015-01-25
2180,Antillon,Johnny Smith,806,2018-11-05
1434,Kinotipedia,Robert Porter,807,2016-05-27
709,Fertilizantes Mayafer,Mrs. Susan Carr,808,2018-01-21
3362,Repuestos Acquoni,Robert Park,809,2018-12-21
1833,Kinotipedia,Jennifer Price,810,2022-04-25
945,HH,Frederick Chavez,811,2017-06-15
624,Salsas Don Justo,John Martinez,812,2013-07-27
1752,Farmacias Andoni-Mazza,Brittany Ferguson,813,2015-05-02
2418,FIHCA S.A,Donald Davis,814,2019-07-16
2923,Muebles El Roble,Theresa Davis,815,2021-02-03
2128,Fertilizantes Mayafer,Sara Wood,816,2014-04-14
3286,Productos Toledo,Richard Wright,817,2018-09-13
43,Supermercados Fahsen,Karen Kirby,818,2010-09-01
1112,Repuestos Aioli,Kristen Mcfarland,819,2011-04-14
2817,Distribuidora Mariscal,Amy Mckinney,820,2013-09-26
1104,FIHCA S.A,Justin Moore,821,2019-07-07
43,Cemaco,Kelly Marshall,822,2018-04-28
510,Supermercados Fahsen,Jennifer Price,823,2010-05-19
2092,Antillon,Jonathan Lindsey,824,2022-11-12
1801,Kinotipedia,Tiffany Stafford,825,2022-03-30
900,Salsas Don Justo,Stephanie Fuentes,826,2014-04-12
1187,EPA,Alec Hopkins,827,2012-05-24
2225,Ferreterï¿½as Coronado,Juan Thomas,828,2012-02-13
2607,Lavanderï¿½as Lara,Casey Martinez,829,2021-01-30
2537,Fertilizantes Mayafer,Jill Ramirez,830,2013-03-24
2491,Repuestos Acquoni,David Henderson,831,2011-05-06
2847,Farmacias Andoni-Mazza,Brooke Cox,832,2023-12-05
3129,Cemaco,Kenneth Moore,833,2019-02-09
914,Ferreterï¿½as Coronado,Jordan Saunders,834,2017-08-20
445,Lavanderï¿½as Lara,Andrew Ball,835,2023-01-04
2552,Productos Toledo,Dorothy Rowland,836,2020-01-07
1755,FIHCA S.A,Christopher Hughes,837,2014-04-02
789,Lavanderï¿½as Lara,Margaret Robinson,838,2016-01-30
1465,Socios S.A.,Hannah Wu,839,2013-04-06
1345,Q&A,Francis Peterson,840,2017-09-04
2605,Socios S.A.,Eric Snyder,841,2021-05-15
1235,Ferreterï¿½as Coronado,Keith Haley,842,2021-06-18
2995,EPA,Cody Hansen,843,2013-09-28
2325,Repuestos Aioli,Robert Porter,844,2018-01-12
1655,EPA,Jessica Kelly,845,2014-07-01
2091,Salsas Don Justo,Karl Camacho,846,2018-07-13
880,Supermercados Fahsen,Renee Melton,847,2013-03-17
1317,FIHCA S.A,Elizabeth Washington,848,2023-05-08
3367,Supermercados Fahsen,Mrs. Jamie Riley DDS,849,2020-09-07
3263,Ferreterï¿½as Coronado,David Nelson,850,2010-01-11
2568,Lavanderï¿½as Lara,Diane Ford,851,2022-09-13
1042,Farmacias Andoni-Mazza,Christopher Webster,852,2014-01-20
2117,Productos Toledo,Jo Soto,853,2016-02-28
667,Socios S.A.,Elizabeth Jackson,854,2015-01-03
80,Muebles El Roble,Rebecca Todd,855,2012-08-25
3165,Muebles El Roble,Rachel Walker,856,2015-07-10
3375,Salsas Don Justo,Kristina Manning,857,2013-02-16
1486,Productos Toledo,Whitney Norman,858,2012-12-17
2469,FIHCA S.A,Daniel Hendricks,859,2023-08-25
358,Lavanderï¿½as Lara,John Bennett,860,2010-05-30
325,Productos Toledo,Jessica Kelly,861,2019-05-27
791,Socios S.A.,Mrs. Julie Mendez,862,2016-10-17
95,Salsas Don Justo,Marissa Evans,863,2016-11-22
1850,Repuestos Aioli,Frederick Chavez,864,2018-09-01
1832,EPA,Mrs. Susan Carr,865,2012-09-24
3317,Productos Toledo,Christine Phillips,866,2022-07-31
3011,Kinotipedia,Brandon Archer,867,2018-11-14
2153,Muebles El Roble,Sean Foster,868,2014-10-08
2549,Cemaco,Teresa Singleton,869,2014-09-27
1267,HH,Kristen Landry,870,2015-05-12
1091,FIHCA S.A,Alexander Rodriguez,871,2018-05-11
2861,Q&A,Brian Frey,872,2023-10-06
395,Productos Toledo,Alec Hopkins,873,2010-02-11
1449,Ferreterï¿½as Coronado,Heidi Riley,874,2012-11-24
2877,Antillon,Brittany Johnson,875,2015-06-14
2588,Kinotipedia,Ruth Sharp,876,2023-10-13
1911,Ferreterï¿½as Coronado,Stacey Ellis,877,2020-04-23
3453,HH,Kristin Rivera,878,2018-06-20
482,Antillon,Melinda Bowen,879,2018-05-05
3216,Distribuidora Mariscal,Alexander Macdonald,880,2011-11-17
656,Productos Toledo,Andrea Gilbert,881,2013-05-19
642,Cemaco,Stacy Hughes,882,2012-11-12
142,Productos Toledo,Casey Brewer,883,2016-10-17
2298,Muebles El Roble,Stephanie Fuentes,884,2012-02-28
2951,HH,Brian Whitney,885,2013-02-28
1337,HH,Megan Mcdonald,886,2018-11-28
120,FIHCA S.A,Jason Bruce,887,2014-08-24
988,HH,Janice Estrada,888,2012-03-26
631,Supermercados Fahsen,Chase Page,889,2016-02-14
492,Distribuidora Mariscal,Dr. Megan West,890,2018-04-30
2763,FIHCA S.A,William Sheppard,891,2010-08-22
543,Ferreterï¿½as Coronado,Jessica Jensen,892,2016-05-04
2447,Farmacias Andoni-Mazza,Angela Phillips,893,2021-10-16
1375,Salsas Don Justo,James Rodriguez,894,2021-02-08
563,Kinotipedia,Joshua Blake,895,2018-06-22
2456,Antillon,Albert Weber,896,2014-06-26
111,HH,David Nelson,897,2017-03-31
2136,Socios S.A.,Joseph Banks,898,2023-05-05
2139,Q&A,Brian Johnson,899,2018-08-14
2137,Farmacias Andoni-Mazza,Angela Phillips,900,2015-04-12
862,Q&A,James King,901,2011-02-07
2197,EPA,Michael Thomas,902,2023-09-24
315,Antillon,Nathan Morales,903,2023-10-06
200,EPA,John Bennett,904,2021-07-06
2652,Socios S.A.,Monica Fisher,905,2016-05-06
1359,Ferreterï¿½as Coronado,Chelsea Cook,906,2021-10-24
562,EPA,Jesse Sullivan,907,2019-12-27
1848,EPA,Mary Sampson,908,2015-03-15
2430,FIHCA S.A,Donna Hutchinson,909,2019-03-03
1098,Ferreterï¿½as Coronado,Sarah West,910,2021-02-04
3486,Muebles El Roble,Patrick Williams,911,2010-10-18
2031,Distribuidora Mariscal,Alfred Weber,912,2014-05-26
1077,Ferreterï¿½as Coronado,Alexander Foster,913,2016-10-29
613,Repuestos Acquoni,Christopher Hughes,914,2022-05-30
474,Cemaco,Matthew Brown,915,2021-04-01
1643,Repuestos Acquoni,Michael Griffin,916,2022-11-16
2380,Farmacias Andoni-Mazza,William Sheppard,917,2016-02-04
1107,Supermercados Fahsen,Sherri Adams,918,2011-01-03
3394,Farmacias R&R,Nicholas Knight,919,2010-08-09
879,Kinotipedia,Jonathan Lindsey,920,2019-10-16
3146,Distribuidora Mariscal,Thomas Powell III,921,2019-04-14
2573,Muebles El Roble,Thomas Brown,922,2018-03-30
3432,Fertilizantes Mayafer,Timothy Jenkins,923,2014-07-27
1093,Farmacias Andoni-Mazza,Vanessa Brown,924,2015-10-27
2429,HH,Gail Brown,925,2012-02-25
3285,Farmacias R&R,Dylan Wilson,926,2012-04-12
800,Repuestos Acquoni,Chelsea Cook,927,2020-03-23
1195,Salsas Don Justo,Sandra Johnson,928,2020-04-02
1510,Kinotipedia,Peggy Hernandez,929,2013-03-10
2060,FIHCA S.A,Taylor Zavala,930,2016-08-08
2846,HH,Derek Fry,931,2016-02-25
3173,Salsas Don Justo,Carrie Chaney,932,2018-08-11
976,Salsas Don Justo,Jacqueline Daniels,933,2014-06-16
2506,Productos Toledo,Joseph Reyes,934,2020-11-16
1148,Repuestos Acquoni,Michael Griffin,935,2011-06-26
2054,Muebles El Roble,Angela Johnson,936,2012-03-23
3312,Farmacias R&R,Kyle Thompson,937,2013-09-19
1904,Distribuidora Mariscal,Lisa Patterson,938,2016-04-16
563,Fertilizantes Mayafer,Patrick Barber,939,2021-06-18
1612,Farmacias R&R,Carrie Chaney,940,2017-08-19
490,Salsas Don Justo,Brett Gay,941,2019-08-16
2179,Distribuidora Mariscal,Christopher Chen,942,2014-11-04
2710,Repuestos Aioli,Sean Foster,943,2010-07-03
2804,Ferreterï¿½as Coronado,Kathleen Perez,944,2016-04-17
3049,Productos Toledo,John Calhoun,945,2023-01-11
2270,Farmacias Andoni-Mazza,Sandra Murphy,946,2022-05-29
2707,Muebles El Roble,Mr. Jason Osborne II,947,2018-02-09
1043,Ferreterï¿½as Coronado,Sherry Jones,948,2017-11-12
2400,Q&A,Chase Page,949,2023-06-08
32,Ferreterï¿½as Coronado,Angela Young,950,2019-12-02
3454,Farmacias R&R,Marcia Wheeler,951,2021-10-27
2983,Repuestos Acquoni,Christopher Webster,952,2021-04-01
1584,Socios S.A.,James King,953,2017-07-29
693,Salsas Don Justo,Kevin Carrillo,954,2011-10-23
2895,HH,Tracy Rivera,955,2020-11-30
272,Fertilizantes Mayafer,Henry Johnson,956,2017-04-10
43,Salsas Don Justo,Dr. Michael Taylor,957,2010-06-24
3059,EPA,Melissa Harvey,958,2021-04-27
2491,Kinotipedia,Larry Gonzalez,959,2017-02-22
516,Productos Toledo,Jason Wells,960,2015-11-19
259,Antillon,Judy Martin,961,2021-05-03
2860,Distribuidora Mariscal,Dylan Wilson,962,2016-04-17
2019,EPA,Andres Proctor,963,2014-12-21
1855,Distribuidora Mariscal,Albert Weber,964,2013-02-06
2921,Distribuidora Mariscal,Elizabeth Estes,965,2015-04-27
2827,Fertilizantes Mayafer,Timothy Jenkins,966,2019-07-27
320,Ferreterï¿½as Coronado,Amy Logan,967,2018-03-20
3436,Q&A,Allen Lee,968,2014-07-24
1573,Antillon,Sarah West,969,2023-10-24
1294,FIHCA S.A,Michael Daniel,970,2022-04-07
879,Cemaco,Nancy Thornton,971,2018-08-16
3277,Farmacias R&R,Amy Matthews,972,2023-02-24
190,Repuestos Acquoni,Anna Ryan,973,2022-05-01
3421,Socios S.A.,Max Montgomery,974,2017-10-20
3391,Fertilizantes Mayafer,Cassandra Meyer,975,2012-02-05
1725,Distribuidora Mariscal,Nicholas Santiago Jr.,976,2013-04-02
1861,Fertilizantes Mayafer,Troy Smith,977,2016-11-24
397,Productos Toledo,Jo Soto,978,2010-10-09
687,Repuestos Acquoni,Jeremy Byrd,979,2011-03-14
966,Productos Toledo,Jeffrey Gomez,980,2023-10-18
2992,Ferreterï¿½as Coronado,Michael Williams,981,2013-01-10
391,Supermercados Fahsen,Pamela Perry,982,2016-03-14
3301,Fertilizantes Mayafer,Dana Wolfe,983,2014-04-13
3456,Farmacias Andoni-Mazza,Alec Hopkins,984,2014-11-26
2191,Repuestos Acquoni,Angela Cooper,985,2010-04-21
1963,Productos Toledo,Patrick Williams,986,2014-11-12
552,Cemaco,Stephanie Hays,987,2014-03-24
3087,Antillon,Ashley Ortiz,988,2023-10-13
728,Salsas Don Justo,Anthony Massey,989,2023-02-15
856,Ferreterï¿½as Coronado,Kenneth Cruz,990,2010-11-02
2723,Productos Toledo,Cassandra Meyer,991,2013-11-28
2050,Fertilizantes Mayafer,James Quinn,992,2012-10-15
1310,Fertilizantes Mayafer,Amy Sutton,993,2016-11-16
1555,Fertilizantes Mayafer,Molly Baker,994,2020-09-21
1194,Productos Toledo,David Ruiz,995,2013-04-11
406,Repuestos Aioli,Bob Waters,996,2018-05-25
1466,Socios S.A.,Mrs. Cathy Martin,997,2016-08-22
226,Farmacias R&R,Michael Daniel,998,2011-04-09
3168,Fertilizantes Mayafer,Chris Brown,999,2016-12-18
3216,Kinotipedia,Patrick Barber,1000,2016-11-30
1948,Antillon,Jesse Sullivan,1001,2011-11-28
2502,Salsas Don Justo,Brittany Ferguson,1002,2021-12-19
770,Cemaco,Jacqueline Daniels,1003,2010-06-05
1803,Ferreterï¿½as Coronado,Cheryl Robinson,1004,2014-02-24
3052,Farmacias R&R,Ricky Gonzales,1005,2023-04-10
3154,Farmacias Andoni-Mazza,Richard Duran,1006,2020-08-06
3500,Farmacias Andoni-Mazza,Johnny Rogers,1007,2014-02-20
1918,Productos Toledo,Alexander Hunter,1008,2022-06-12
2488,Farmacias Andoni-Mazza,Cody West,1009,2014-03-04
3016,FIHCA S.A,Teresa Berger,1010,2013-12-02
1496,Repuestos Aioli,Whitney Norman,1011,2011-03-24
1602,Farmacias R&R,Kenneth Moore,1012,2015-09-29
1851,Distribuidora Mariscal,Jessica Taylor,1013,2012-11-30
2633,Socios S.A.,Casey Casey,1014,2019-09-12
2618,Supermercados Fahsen,Stacy Hughes,1015,2018-12-05
1090,Repuestos Aioli,Hannah Herrera,1016,2016-09-04
1150,EPA,Timothy Rodriguez,1017,2014-03-28
2805,Antillon,Emily Daniel,1018,2014-04-22
634,Distribuidora Mariscal,Michael Espinoza,1019,2020-07-09
2916,Distribuidora Mariscal,Sandra Lamb,1020,2017-12-16
2178,Salsas Don Justo,Ashlee Willis,1021,2021-11-22
2419,Supermercados Fahsen,Amy Mckinney,1022,2019-12-12
1023,Productos Toledo,Wayne Tate,1023,2020-06-11
2890,Fertilizantes Mayafer,Gregory Hunt,1024,2012-11-28
936,Q&A,Christine Peterson,1025,2012-07-16
3179,Muebles El Roble,Brett Johnson,1026,2011-10-02
1412,Fertilizantes Mayafer,William Thomas,1027,2015-12-22
1648,Supermercados Fahsen,Savannah Bryan,1028,2014-12-21
1430,Cemaco,Joshua Woodard,1029,2013-10-23
3450,Ferreterï¿½as Coronado,Max Montgomery,1030,2020-04-10
331,Muebles El Roble,Johnathan Anthony,1031,2010-04-27
828,Productos Toledo,Eric Schneider,1032,2017-09-04
3335,Farmacias Andoni-Mazza,Lauren Martinez,1033,2012-03-16
587,Kinotipedia,Dorothy Rowland,1034,2015-03-17
723,Socios S.A.,Brittany Werner,1035,2013-10-02
2914,Kinotipedia,Sandra Lamb,1036,2023-08-23
3040,Muebles El Roble,Stacey Parker,1037,2016-09-25
3453,Farmacias R&R,Robert Porter,1038,2016-02-18
2788,EPA,Christopher Wiley,1039,2020-03-27
2713,Farmacias R&R,Angela Cooper,1040,2022-05-14
1000,Ferreterï¿½as Coronado,Christopher Wiley,1041,2014-06-18
708,Supermercados Fahsen,Marcus May,1042,2015-08-24
2097,Repuestos Acquoni,Peggy Hernandez,1043,2020-05-08
3265,EPA,Jennifer Beck,1044,2013-11-09
3040,EPA,Sarah Castillo,1045,2016-03-19
91,Socios S.A.,Karl Camacho,1046,2015-05-13
3407,Muebles El Roble,Casey Martinez,1047,2010-11-17
2100,Kinotipedia,Crystal Erickson,1048,2020-01-25
707,Supermercados Fahsen,Susan Garcia,1049,2013-06-28
416,Productos Toledo,Fred Williams,1050,2018-02-22
2198,Distribuidora Mariscal,Michael French,1051,2015-06-29
504,Salsas Don Justo,Dawn Weiss,1052,2012-06-27
956,Antillon,Jessica Kelly,1053,2017-01-14
1586,Farmacias Andoni-Mazza,Sharon Graves,1054,2014-07-22
1057,Distribuidora Mariscal,Randy Sanchez,1055,2020-05-25
389,Lavanderï¿½as Lara,Sherry Jones,1056,2019-10-01
1530,EPA,Billy Costa,1057,2012-11-06
644,Socios S.A.,Renee Melton,1058,2021-08-30
613,EPA,Hannah Herrera,1059,2016-12-19
1977,Fertilizantes Mayafer,Anna Wright,1060,2022-04-15
1703,Repuestos Aioli,Heidi Morris,1061,2018-02-05
315,Salsas Don Justo,Michele Mitchell,1062,2014-06-26
437,Fertilizantes Mayafer,Leah Crawford,1063,2020-04-23
685,Socios S.A.,Helen Wilson,1064,2018-11-13
93,Fertilizantes Mayafer,Nathan Clayton,1065,2014-10-11
823,FIHCA S.A,Brenda Evans,1066,2021-06-10
27,Ferreterï¿½as Coronado,Mrs. Tammy Castillo,1067,2014-10-11
337,Muebles El Roble,Marco Palmer,1068,2016-02-04
722,Muebles El Roble,Nathan Morales,1069,2011-11-21
364,Antillon,Cheryl Robinson,1070,2017-12-11
2954,Productos Toledo,Stacey Parker,1071,2020-10-30
1227,Productos Toledo,Janice Estrada,1072,2016-08-21
2016,Q&A,Elizabeth Estes,1073,2013-09-13
2001,FIHCA S.A,Luis Salazar,1074,2020-09-11
1877,HH,John Davis,1075,2013-11-17
919,Kinotipedia,Nicholas Knight,1076,2019-10-25
307,Ferreterï¿½as Coronado,Christina Middleton,1077,2018-02-22
851,Q&A,Kim Rodriguez,1078,2023-10-23
895,Fertilizantes Mayafer,Emily Brown,1079,2018-07-12
721,Muebles El Roble,Lisa Patterson,1080,2022-05-26
2077,Farmacias R&R,Randy Sanchez,1081,2014-01-29
1418,HH,Scott Barton,1082,2014-02-03
2791,Antillon,Emily Brown,1083,2017-01-26
557,FIHCA S.A,Briana Mann,1084,2023-03-19
2118,FIHCA S.A,Lisa Patterson,1085,2016-11-04
2125,Distribuidora Mariscal,Francis Peterson,1086,2019-06-13
1336,Kinotipedia,Jason Wells,1087,2023-03-29
1511,Muebles El Roble,Melinda Bowen,1088,2013-12-24
597,Kinotipedia,Jennifer Garner,1089,2010-07-17
2262,Repuestos Acquoni,Emma Harris,1090,2013-10-04
2141,Cemaco,Mary Spencer,1091,2010-04-11
2327,Distribuidora Mariscal,Andrew Marshall,1092,2022-12-01
151,Kinotipedia,Kristi Watson,1093,2017-01-05
807,Q&A,Omar Jackson,1094,2013-08-11
1116,Kinotipedia,James Miller,1095,2023-01-14
2621,Farmacias R&R,Henry King,1096,2014-07-14
161,Q&A,David Murphy,1097,2021-09-10
1405,Lavanderï¿½as Lara,Christina Middleton,1098,2014-11-29
1319,Farmacias R&R,Jessica Peters,1099,2015-03-01
183,HH,Teresa Singleton,1100,2019-11-18
2319,Supermercados Fahsen,Brett Gay,1101,2020-11-15
1223,Salsas Don Justo,Jennifer Adams,1102,2012-09-27
1981,Cemaco,Dennis Hall,1103,2023-01-17
1752,Muebles El Roble,Christine Haynes,1104,2012-02-05
1313,Repuestos Aioli,Sandra Jones,1105,2017-06-05
3361,Farmacias Andoni-Mazza,Jesse Hardin,1106,2018-03-31
459,FIHCA S.A,Victor Morrison,1107,2022-01-24
852,Farmacias Andoni-Mazza,Cheryl Long,1108,2014-03-04
668,Productos Toledo,Patricia Walker,1109,2010-05-11
1955,Q&A,Scott Cantu,1110,2015-06-26
2212,Kinotipedia,Dana Wolfe,1111,2017-07-12
2478,Repuestos Aioli,Dr. Sarah Miller,1112,2017-05-03
3199,Kinotipedia,Jason Martinez,1113,2017-12-12
2221,Fertilizantes Mayafer,Jesse White,1114,2014-09-15
3374,Fertilizantes Mayafer,Kenneth Williams,1115,2016-02-28
37,Supermercados Fahsen,Amanda Delgado,1116,2020-05-03
1975,Antillon,Melody Lee,1117,2011-03-30
3222,Repuestos Aioli,Timothy Rodriguez,1118,2015-11-07
3458,Ferreterï¿½as Coronado,Heather Ross,1119,2019-09-05
2518,FIHCA S.A,Jennifer Adams,1120,2019-01-21
786,Muebles El Roble,Taylor Humphrey,1121,2020-05-22
1077,Distribuidora Mariscal,John Davis,1122,2019-10-30
1688,HH,Jordan Brown,1123,2021-03-24
3375,Repuestos Aioli,Mark Lutz,1124,2022-04-01
2575,FIHCA S.A,Robert Lee,1125,2018-05-13
3437,Fertilizantes Mayafer,Tracy Bond,1126,2010-05-09
2124,FIHCA S.A,Isaac Simmons,1127,2013-12-28
3371,Q&A,James Rodriguez,1128,2018-07-26
135,EPA,Brian Bentley,1129,2017-07-27
403,Productos Toledo,Terri Brewer,1130,2011-10-07
463,FIHCA S.A,Sean Davidson,1131,2022-09-19
2155,Muebles El Roble,Kendra Kirby,1132,2014-06-13
3461,Fertilizantes Mayafer,Erin Allen,1133,2011-04-17
2650,Supermercados Fahsen,Jennifer Duran,1134,2016-04-06
2214,Salsas Don Justo,Marcus May,1135,2020-06-13
3022,Antillon,Renee Bryant,1136,2016-07-08
1582,Socios S.A.,Sean Davidson,1137,2017-06-27
1015,Supermercados Fahsen,David Lee,1138,2022-03-22
2954,HH,Stacy Peters,1139,2021-02-12
3222,Q&A,Brent Kane,1140,2015-07-06
3212,Salsas Don Justo,Beth Reyes,1141,2019-07-16
1712,Salsas Don Justo,Michael Hernandez,1142,2014-07-13
979,Fertilizantes Mayafer,Andrea Dunlap,1143,2013-10-15
2780,Productos Toledo,Tiffany Stafford,1144,2022-09-13
3047,Repuestos Aioli,Christopher Chen,1145,2013-05-20
1977,Q&A,Brian Mack,1146,2013-02-09
3153,Ferreterï¿½as Coronado,Alexander Macdonald,1147,2011-06-17
3456,Lavanderï¿½as Lara,Tyler Wise,1148,2019-01-10
2943,Fertilizantes Mayafer,Amanda Delgado,1149,2019-10-17
508,Distribuidora Mariscal,Jason Franklin,1150,2023-09-07
1495,Kinotipedia,Cynthia Nelson,1151,2018-03-21
649,Repuestos Acquoni,Christopher Chen,1152,2018-01-11
2421,Fertilizantes Mayafer,Joseph Wood,1153,2021-09-16
3235,Productos Toledo,Ashley Shannon,1154,2023-02-11
632,Supermercados Fahsen,Dawn Lin,1155,2017-09-14
2634,Repuestos Aioli,Thomas Wells,1156,2023-04-16
1754,FIHCA S.A,Briana Mann,1157,2014-01-31
2949,Fertilizantes Mayafer,Frederick Wood,1158,2011-12-20
1885,FIHCA S.A,Jillian Wang,1159,2010-04-22
2196,Q&A,Kenneth Moore,1160,2023-10-30
2600,Lavanderï¿½as Lara,Megan Walker,1161,2011-11-07
721,Fertilizantes Mayafer,Randy Andrews,1162,2017-03-03
371,HH,Melinda Klein,1163,2012-03-15
3362,FIHCA S.A,Timothy Sullivan,1164,2023-09-05
1999,Kinotipedia,Vicki Young,1165,2011-11-25
796,Repuestos Aioli,Christopher Williams,1166,2022-12-10
1653,Distribuidora Mariscal,Anthony Massey,1167,2023-10-30
1414,Repuestos Aioli,Casey Casey,1168,2023-12-18
1433,FIHCA S.A,Dawn Lin,1169,2019-07-18
3058,Socios S.A.,Heather Jackson,1170,2015-08-24
597,Productos Toledo,Tonya Williams,1171,2015-06-01
2544,FIHCA S.A,Timothy Rodriguez,1172,2019-03-02
1167,Q&A,Mr. Jason Osborne II,1173,2016-08-30
1323,Repuestos Acquoni,Shannon Rasmussen,1174,2018-05-07
1436,Repuestos Acquoni,Rebecca Todd,1175,2018-11-14
642,Cemaco,Margaret Robinson,1176,2015-11-21
972,EPA,Candace Gordon,1177,2021-11-09
763,Q&A,Nancy Mccoy,1178,2018-01-26
2295,Socios S.A.,Christopher Hughes,1179,2011-03-21
3280,FIHCA S.A,Nancy Mccoy,1180,2016-04-22
3070,Supermercados Fahsen,Kristine Davis,1181,2023-04-30
402,Kinotipedia,Elizabeth Black,1182,2019-07-18
355,Ferreterï¿½as Coronado,Steven Ruiz,1183,2011-08-30
868,Salsas Don Justo,Brandon Miller,1184,2019-12-23
1588,Repuestos Acquoni,Meghan Calderon,1185,2013-09-20
1503,Lavanderï¿½as Lara,Adam Smith,1186,2014-05-22
208,Fertilizantes Mayafer,Megan Cooper,1187,2022-12-01
1677,Ferreterï¿½as Coronado,Amanda Montoya,1188,2017-09-05
1098,Q&A,Lisa Fleming,1189,2021-06-11
1102,HH,Mr. Jason Osborne II,1190,2015-04-18
523,Farmacias R&R,Elizabeth Estes,1191,2018-06-26
1475,Lavanderï¿½as Lara,Tracy Stephens,1192,2016-04-11
3467,EPA,Jeremy Byrd,1193,2014-10-28
2765,Repuestos Aioli,Sandra Johnson,1194,2020-02-29
1963,Lavanderï¿½as Lara,Steven Patel,1195,2021-05-08
202,Farmacias Andoni-Mazza,David Anderson,1196,2012-11-08
2989,Lavanderï¿½as Lara,Christopher Wiley,1197,2010-09-14
1077,Muebles El Roble,Andrea Wilson,1198,2023-09-28
981,EPA,Heidi Riley,1199,2019-05-07
775,Cemaco,Jonathan Murray,1200,2012-04-20
404,Distribuidora Mariscal,Cassidy Simmons,1201,2023-10-31
2601,Kinotipedia,Heather Smith,1202,2010-06-18
1373,Ferreterï¿½as Coronado,Sally Williams,1203,2010-06-12
2664,Repuestos Acquoni,Gerald Nicholson,1204,2010-11-22
2424,Repuestos Aioli,Darius Gray,1205,2023-08-14
2614,Supermercados Fahsen,Omar Jackson,1206,2015-08-04
3269,Salsas Don Justo,Sherry Jones,1207,2022-12-11
3228,Fertilizantes Mayafer,Bradley Wallace,1208,2017-08-09
591,Q&A,Michelle Scott,1209,2021-09-23
151,Antillon,Jessica Jensen,1210,2013-02-15
403,HH,Christina Camacho,1211,2017-12-23
411,Antillon,Ashley Freeman,1212,2016-01-14
1422,Salsas Don Justo,Lauren Martinez,1213,2021-08-17
1155,Supermercados Fahsen,Theresa Cervantes,1214,2019-12-19
2596,Fertilizantes Mayafer,Mr. Logan Hamilton,1215,2017-03-23
3127,Productos Toledo,Kathryn Adams,1216,2016-12-21
2482,Lavanderï¿½as Lara,Nathan Morales,1217,2017-08-29
3203,HH,Nancy Sanford,1218,2013-04-07
2915,Antillon,John Meyer,1219,2020-05-11
1400,Repuestos Aioli,Thomas Davila,1220,2011-10-23
2774,Ferreterï¿½as Coronado,Steven Hurst,1221,2021-03-10
2265,Cemaco,Kurt Blair,1222,2014-09-22
931,Kinotipedia,Christine Hernandez,1223,2010-03-15
2824,Farmacias R&R,Andrew Marshall,1224,2021-03-16
2370,Repuestos Acquoni,Eric Schneider,1225,2010-09-05
622,Repuestos Acquoni,Brittany Clark,1226,2013-06-14
1733,Kinotipedia,Robert Price,1227,2013-05-22
2669,EPA,Maria Haney,1228,2020-09-27
1787,FIHCA S.A,Sandra Riley,1229,2016-12-28
235,Repuestos Acquoni,Thomas Davila,1230,2012-04-08
855,Antillon,Cody West,1231,2020-08-11
2595,Lavanderï¿½as Lara,Daniel Hendricks,1232,2017-03-23
2000,Repuestos Aioli,Ray Valdez,1233,2018-07-14
1475,Ferreterï¿½as Coronado,Anna Ryan,1234,2012-10-30
48,Lavanderï¿½as Lara,Jeffery Garcia DDS,1235,2015-06-12
693,HH,Andrew Russo,1236,2021-04-13
2016,Ferreterï¿½as Coronado,Laurie Bryant,1237,2018-12-16
2555,Distribuidora Mariscal,Cynthia Nelson,1238,2023-02-19
2363,Q&A,Gail Brown,1239,2020-05-18
1588,Socios S.A.,Ricky Gonzales,1240,2023-08-08
794,Cemaco,Crystal Erickson,1241,2016-07-09
99,Distribuidora Mariscal,Deborah Martin,1242,2018-03-08
591,Ferreterï¿½as Coronado,Daniel Hendricks,1243,2022-02-04
3253,Farmacias R&R,Melinda Riddle,1244,2023-12-19
270,Socios S.A.,Michael French,1245,2015-02-28
270,Socios S.A.,Heather Ross,1246,2012-03-24
857,Distribuidora Mariscal,Randy Sanchez,1247,2012-03-07
350,Ferreterï¿½as Coronado,Joseph Reyes,1248,2017-09-06
330,HH,Troy Smith,1249,2010-06-12
3036,Distribuidora Mariscal,Randy Andrews,1250,2015-11-29
348,Salsas Don Justo,Suzanne Lawrence,1251,2020-01-20
453,Lavanderï¿½as Lara,Hannah Herrera,1252,2014-01-16
2105,Kinotipedia,Kayla Powell,1253,2012-12-07
664,Fertilizantes Mayafer,Michael Bullock,1254,2022-01-09
1084,Kinotipedia,Kristina Manning,1255,2021-06-28
2755,Distribuidora Mariscal,Donna Wilson,1256,2013-03-30
1898,Supermercados Fahsen,Melissa Maldonado,1257,2012-06-23
1020,Ferreterï¿½as Coronado,Vanessa Mclean,1258,2010-03-29
2309,Productos Toledo,Roger Shaffer,1259,2018-11-10
1020,Supermercados Fahsen,Tracy Rivera,1260,2011-06-23
1395,Distribuidora Mariscal,Adam Gilbert,1261,2019-01-10
2301,Repuestos Acquoni,Timothy Sullivan,1262,2012-11-20
2814,Ferreterï¿½as Coronado,Tony Brewer,1263,2012-01-09
771,FIHCA S.A,Jose Cook,1264,2020-11-24
999,Salsas Don Justo,David Rowe,1265,2019-03-19
908,Q&A,Karen Mcclain,1266,2019-12-20
2519,Kinotipedia,Tyler Sanders,1267,2019-11-20
1491,Repuestos Acquoni,Sarah West,1268,2020-06-26
3374,Lavanderï¿½as Lara,Heidi Morris,1269,2019-02-26
2719,FIHCA S.A,Kevin Carrillo,1270,2023-08-23
3418,Distribuidora Mariscal,Gregory Hill,1271,2020-02-15
3211,FIHCA S.A,Danielle Allen,1272,2019-01-01
1769,Distribuidora Mariscal,Ronnie Murphy,1273,2014-05-13
421,Productos Toledo,Donna Hutchinson,1274,2022-12-13
642,FIHCA S.A,Kristen Mcfarland,1275,2018-05-31
2662,Repuestos Aioli,Christina Camacho,1276,2012-03-13
942,HH,Holly Rodgers,1277,2015-11-12
1890,FIHCA S.A,Casey Casey,1278,2017-06-18
3330,Socios S.A.,Casey Brewer,1279,2014-07-22
91,Socios S.A.,John Martinez,1280,2023-09-30
2052,Productos Toledo,Elizabeth Smith,1281,2019-04-19
2988,Lavanderï¿½as Lara,Brandon Henry,1282,2018-07-07
988,Repuestos Aioli,Steven Patel,1283,2011-10-02
3169,EPA,Robert Smith,1284,2018-12-14
2327,Productos Toledo,Scott Williams,1285,2021-09-09
2028,Repuestos Aioli,Carrie Chaney,1286,2021-04-19
808,Farmacias Andoni-Mazza,Christopher James,1287,2020-02-02
1946,Q&A,Emily Daniel,1288,2018-09-29
1839,EPA,Sally Williams,1289,2022-01-08
1421,Kinotipedia,Elizabeth Washington,1290,2017-05-20
1906,Q&A,Anthony Massey,1291,2012-08-13
2932,HH,Leah Crawford,1292,2013-01-31
1365,Cemaco,Stephen Martin,1293,2016-04-22
2208,Distribuidora Mariscal,Tyler Wise,1294,2013-05-06
343,Kinotipedia,Jeremy Byrd,1295,2016-12-23
1744,Q&A,Randy Sanchez,1296,2019-10-02
3296,Repuestos Acquoni,Carrie Chaney,1297,2016-11-12
1140,Ferreterï¿½as Coronado,Nathan Morales,1298,2018-09-23
676,EPA,Karen Ramirez,1299,2022-06-13
2371,Farmacias R&R,Allen Lee,1300,2014-08-21
3240,Kinotipedia,Francis Peterson,1301,2010-12-29
1213,FIHCA S.A,Omar Jackson,1302,2014-12-02
2802,Q&A,Nancy Sanford,1303,2016-03-02
605,Ferreterï¿½as Coronado,Max Montgomery,1304,2016-06-16
2835,Farmacias Andoni-Mazza,Jason Leon,1305,2017-08-26
290,Lavanderï¿½as Lara,Elizabeth Smith,1306,2015-04-22
3169,EPA,Mark Phillips,1307,2017-09-04
130,FIHCA S.A,Joseph Reyes,1308,2014-09-10
1990,Ferreterï¿½as Coronado,Johnny Smith,1309,2020-11-19
2346,Lavanderï¿½as Lara,Kristen Landry,1310,2021-03-19
1189,Farmacias R&R,Angela Wood,1311,2020-10-23
1002,Farmacias R&R,Ashley Cameron,1312,2012-04-04
185,Q&A,Amber Wolfe,1313,2017-05-30
350,Supermercados Fahsen,Regina Cox,1314,2011-03-14
2289,Kinotipedia,Russell Sims,1315,2016-01-11
174,Q&A,Jennifer Hodges,1316,2010-11-14
1231,EPA,Derek Fry,1317,2012-06-13
1472,Fertilizantes Mayafer,Christopher Mcdonald,1318,2022-06-01
2054,Kinotipedia,Theresa Cervantes,1319,2011-01-27
2905,HH,Sabrina Gill,1320,2022-10-17
2824,Ferreterï¿½as Coronado,Michele Mitchell,1321,2012-12-21
3245,HH,Courtney Kemp,1322,2014-10-30
1993,Productos Toledo,Justin Moore,1323,2023-07-12
1461,Farmacias R&R,Michael Henry,1324,2014-09-03
247,Antillon,William Mclaughlin,1325,2011-03-30
3280,FIHCA S.A,David Murphy,1326,2013-11-17
2657,Cemaco,Molly Baker,1327,2012-10-06
1453,Repuestos Acquoni,Amy Mckinney,1328,2010-12-25
1081,Repuestos Aioli,William Griffith,1329,2017-06-21
2088,Productos Toledo,Scott Williams,1330,2023-06-18
1853,Salsas Don Justo,David Estes,1331,2013-09-20
1763,Antillon,Alexander Hunter,1332,2016-05-13
2194,Supermercados Fahsen,Eric Snyder,1333,2016-11-03
3322,Cemaco,Mrs. Jamie Riley DDS,1334,2019-02-26
96,Farmacias R&R,Aaron Craig,1335,2018-12-07
820,Productos Toledo,Patrick Alvarez,1336,2014-11-03
1669,Muebles El Roble,Benjamin Smith,1337,2023-12-27
337,Distribuidora Mariscal,Brittany Ferguson,1338,2017-07-10
430,Salsas Don Justo,Janet Barr,1339,2014-07-18
2332,Fertilizantes Mayafer,Jason Bruce,1340,2015-12-06
3090,Repuestos Acquoni,Christopher Sullivan,1341,2021-03-22
696,Antillon,Kim Orozco,1342,2015-11-23
1372,Salsas Don Justo,Matthew Rodriguez,1343,2022-03-27
142,Repuestos Acquoni,Kelli Berry,1344,2020-05-24
693,Kinotipedia,Patrick Williams,1345,2010-10-25
517,Farmacias R&R,Melinda Bowen,1346,2011-12-08
2890,Distribuidora Mariscal,John Hall,1347,2016-02-29
3196,HH,Brittany Mckay,1348,2022-08-17
417,Antillon,Russell Smith,1349,2022-01-27
3270,HH,Kelly Villegas,1350,2015-10-09
1887,Supermercados Fahsen,Denise Johnson,1351,2017-01-02
1423,Repuestos Acquoni,Marco Palmer,1352,2021-08-22
2871,Farmacias R&R,Stacy Peters,1353,2012-05-04
2067,Kinotipedia,Dr. Megan West,1354,2023-04-07
3489,FIHCA S.A,Meghan Calderon,1355,2019-02-26
1112,Fertilizantes Mayafer,Eric Adams,1356,2010-05-11
2575,Socios S.A.,Theresa Cervantes,1357,2023-07-21
1727,Fertilizantes Mayafer,Sherry Jones,1358,2010-02-10
2301,Antillon,Anna Ryan,1359,2019-01-16
1912,Farmacias Andoni-Mazza,Jacob Costa,1360,2012-09-18
2648,EPA,Jesse Sullivan,1361,2015-09-03
2269,Lavanderï¿½as Lara,Jeremy Walker,1362,2021-03-10
562,Socios S.A.,Cynthia Nelson,1363,2018-08-18
1851,Ferreterï¿½as Coronado,Amanda Evans,1364,2011-04-29
1662,Farmacias R&R,Dana Wolfe,1365,2019-02-11
2474,FIHCA S.A,Anna Cannon,1366,2010-02-12
1054,Farmacias Andoni-Mazza,Steven Stephens,1367,2010-11-08
1450,Q&A,Elizabeth Washington,1368,2018-05-02
2759,Salsas Don Justo,Angela Johnson,1369,2023-02-27
3154,Distribuidora Mariscal,Daniel Lang,1370,2015-02-07
1838,Farmacias Andoni-Mazza,Gregory Hunt,1371,2019-10-29
190,HH,Briana Mann,1372,2013-01-19
1061,Farmacias R&R,Kyle Kennedy,1373,2022-09-05
692,Socios S.A.,David Henderson,1374,2022-12-21
2476,Lavanderï¿½as Lara,Leslie Davidson,1375,2023-12-03
1494,HH,Kelly Marshall,1376,2010-12-24
1919,Ferreterï¿½as Coronado,Melody Lee,1377,2015-05-22
1199,Repuestos Acquoni,Bryan Harris,1378,2015-11-24
2486,Lavanderï¿½as Lara,Donald Davis,1379,2011-09-29
2391,Fertilizantes Mayafer,Stephanie Barnett,1380,2012-04-24
1879,Q&A,Tiffany Gardner,1381,2012-12-01
1302,Muebles El Roble,Cassidy Simmons,1382,2011-09-27
1558,HH,Madison Horton,1383,2011-12-11
3489,Socios S.A.,Sharon Graves,1384,2012-01-24
1815,Cemaco,Bailey Green,1385,2015-04-03
1285,Repuestos Acquoni,Angela Johnson,1386,2019-03-11
161,Distribuidora Mariscal,David Nelson,1387,2019-09-28
2694,EPA,Rebecca Cox,1388,2010-01-11
1418,Repuestos Acquoni,Kristen Mcfarland,1389,2022-03-19
1085,Distribuidora Mariscal,Lee Jones,1390,2017-06-01
160,Farmacias Andoni-Mazza,Brittany Mckay,1391,2021-08-03
3165,Productos Toledo,Kevin Carrillo,1392,2021-01-14
1928,Repuestos Acquoni,Megan Mcdonald,1393,2011-05-09
1083,Muebles El Roble,Gregory Hunt,1394,2018-06-15
1314,Productos Toledo,Ashley Hart,1395,2014-08-16
2859,FIHCA S.A,David Lowe,1396,2021-12-17
2028,Farmacias Andoni-Mazza,Suzanne Lawrence,1397,2018-05-26
1952,Q&A,Dorothy Rowland,1398,2018-03-23
1441,Productos Toledo,Ashlee Willis,1399,2014-05-07
292,Repuestos Aioli,Renee Melton,1400,2018-05-19
1227,Socios S.A.,Grace Coleman,1401,2015-11-03
3165,Salsas Don Justo,Jacob Costa,1402,2013-10-16
1744,HH,Jessica Taylor,1403,2010-08-17
1628,HH,James Cruz,1404,2023-05-11
1923,Lavanderï¿½as Lara,Steven Lee,1405,2017-08-18
2034,Ferreterï¿½as Coronado,Nathan Clayton,1406,2016-03-22
2640,Repuestos Aioli,Timothy Sullivan,1407,2010-05-04
1891,Repuestos Aioli,Joseph Duncan,1408,2016-12-31
168,Antillon,John Hill,1409,2015-07-29
1876,Socios S.A.,Anne Webb,1410,2017-09-04
2468,Q&A,Omar Jackson,1411,2013-12-08
2205,Kinotipedia,Amber Wolfe,1412,2011-04-14
3255,FIHCA S.A,Laura Swanson,1413,2016-03-12
1916,Ferreterï¿½as Coronado,Brent Kane,1414,2018-12-19
1841,Farmacias R&R,Angela Johnson,1415,2023-09-16
89,FIHCA S.A,Heather Smith,1416,2017-11-23
257,Ferreterï¿½as Coronado,Jack Smith,1417,2013-08-05
2395,Fertilizantes Mayafer,Matthew Walsh,1418,2011-01-24
3374,Supermercados Fahsen,Derrick Lopez,1419,2022-08-10
1407,Farmacias Andoni-Mazza,David Estes,1420,2012-09-26
2404,Productos Toledo,William Griffith,1421,2019-03-10
859,HH,Ricardo Wilson,1422,2016-08-08
1566,Supermercados Fahsen,Hannah Herrera,1423,2014-05-29
2355,Farmacias Andoni-Mazza,Randy Andrews,1424,2016-04-29
1847,Lavanderï¿½as Lara,Elizabeth Black,1425,2020-01-23
2900,Repuestos Acquoni,Kristina Manning,1426,2014-09-12
972,Distribuidora Mariscal,Kristen Landry,1427,2012-06-12
725,Muebles El Roble,Cynthia Nelson,1428,2016-07-08
373,Productos Toledo,Keith Bell,1429,2013-04-23
581,Kinotipedia,Mary Sampson,1430,2015-12-07
1881,Productos Toledo,Donna Wilson,1431,2023-05-23
1056,Distribuidora Mariscal,Julie Davis,1432,2021-08-28
3068,Fertilizantes Mayafer,Michael Pacheco,1433,2021-04-10
2702,HH,Richard Wright,1434,2017-01-17
2807,Distribuidora Mariscal,Timothy James,1435,2011-02-23
2921,Cemaco,Brian Rodriguez,1436,2022-04-22
108,Antillon,Thomas Brown,1437,2023-08-24
3396,Supermercados Fahsen,James Woods,1438,2018-12-30
1460,Distribuidora Mariscal,Bradley Nguyen,1439,2010-11-02
3232,FIHCA S.A,Andres Proctor,1440,2022-04-04
2529,Salsas Don Justo,Grace Coleman,1441,2012-06-29
1486,FIHCA S.A,Angela Phillips,1442,2018-10-05
2301,Ferreterï¿½as Coronado,Ryan Greer,1443,2012-06-26
2232,Salsas Don Justo,Rodney King,1444,2012-07-28
1556,FIHCA S.A,Jesse Hardin,1445,2021-04-20
2560,Socios S.A.,Willie Juarez,1446,2011-06-18
1296,Kinotipedia,Gregory Hill,1447,2011-03-31
2149,Repuestos Acquoni,Dylan Wilson,1448,2019-04-07
98,FIHCA S.A,Mary Spencer,1449,2014-05-12
3424,Kinotipedia,Gregory Hunt,1450,2015-08-04
2364,Supermercados Fahsen,Billy Costa,1451,2022-11-04
1378,Muebles El Roble,Hannah Preston,1452,2019-03-07
984,Farmacias Andoni-Mazza,Cody West,1453,2020-08-06
3320,Salsas Don Justo,Vanessa Mclean,1454,2013-08-09
2248,Cemaco,Max Montgomery,1455,2010-02-01
1790,Salsas Don Justo,Joseph Duncan,1456,2020-07-12
534,EPA,Timothy Boyd,1457,2010-07-10
771,Supermercados Fahsen,Grace Coleman,1458,2023-10-18
2888,Repuestos Acquoni,Bob Waters,1459,2017-05-29
3157,Q&A,Deborah Mathews,1460,2020-01-11
2131,FIHCA S.A,Dana Ramos,1461,2022-02-21
2894,Farmacias Andoni-Mazza,Reginald Mitchell,1462,2010-04-17
2167,EPA,Nicholas Santiago Jr.,1463,2017-01-09
822,Productos Toledo,Jillian Wang,1464,2023-10-21
789,Supermercados Fahsen,Scott Cantu,1465,2020-10-26
2467,HH,John Garcia,1466,2018-08-18
1619,Antillon,Cheryl Shannon,1467,2021-02-19
1219,Fertilizantes Mayafer,Lori Stewart,1468,2022-03-27
1028,Fertilizantes Mayafer,Kelly Marshall,1469,2013-05-21
2508,Supermercados Fahsen,Colin Williams,1470,2011-04-04
214,Distribuidora Mariscal,William Pacheco,1471,2019-12-18
368,Repuestos Acquoni,Whitney Norman,1472,2015-12-13
2504,Supermercados Fahsen,Russell Smith,1473,2015-09-28
684,Distribuidora Mariscal,Amy Mckinney,1474,2013-10-07
1226,Fertilizantes Mayafer,Charles Martin,1475,2012-11-12
3221,Fertilizantes Mayafer,Bob Waters,1476,2018-04-22
892,Salsas Don Justo,Daniel Owen,1477,2010-03-22
1680,Distribuidora Mariscal,Reginald Mitchell,1478,2019-12-22
1454,Repuestos Acquoni,Maria Sanders,1479,2019-03-12
968,Farmacias Andoni-Mazza,Jordan Nguyen,1480,2010-11-11
394,Lavanderï¿½as Lara,Dr. Michael Taylor,1481,2020-08-25
1421,Kinotipedia,Jo Soto,1482,2014-03-27
3477,Socios S.A.,Gerald Nicholson,1483,2014-02-13
3096,Distribuidora Mariscal,Melinda Lutz,1484,2018-02-18
133,Muebles El Roble,Shelby Ramos,1485,2020-01-02
2435,HH,Jesse Hardin,1486,2019-01-11
1772,Productos Toledo,Sherry Jones,1487,2019-05-21
2719,Cemaco,Elizabeth Ochoa,1488,2017-08-13
1720,Antillon,Brianna Dunn,1489,2023-12-04
242,HH,Ashley Park,1490,2014-04-29
566,Muebles El Roble,Mrs. Jamie Riley DDS,1491,2017-08-24
2926,Productos Toledo,Donna Hutchinson,1492,2011-06-08
498,Antillon,Jessica Kelly,1493,2012-03-02
2135,Farmacias Andoni-Mazza,Beth Reyes,1494,2022-02-20
3287,Ferreterï¿½as Coronado,Jacob Davis,1495,2013-05-10
1396,HH,Stephanie Morgan,1496,2014-10-26
2180,Salsas Don Justo,Gail Brown,1497,2014-06-19
167,Kinotipedia,Taylor Humphrey,1498,2016-02-08
1744,Fertilizantes Mayafer,Kurt Blair,1499,2010-09-19
756,Lavanderï¿½as Lara,Kyle Thompson,1500,2018-10-17
2294,Farmacias Andoni-Mazza,Angela Phillips,1501,2011-08-26
2332,Supermercados Fahsen,Gina Durham,1502,2018-06-25
1221,Muebles El Roble,Victor Morrison,1503,2017-10-12
1117,Supermercados Fahsen,John Garcia,1504,2017-09-18
3437,Supermercados Fahsen,Elizabeth Ochoa,1505,2012-03-14
2801,Q&A,Kelli Berry,1506,2021-09-16
3055,Distribuidora Mariscal,Brian Mack,1507,2013-08-06
3105,Productos Toledo,Kendra Kirby,1508,2019-10-30
3298,HH,Angela Phillips,1509,2012-12-09
2891,Farmacias R&R,Matthew Walsh,1510,2011-03-03
2831,Farmacias Andoni-Mazza,Paula Cox,1511,2018-09-22
2841,Lavanderï¿½as Lara,Sabrina Gill,1512,2021-01-09
218,Farmacias R&R,Victor Morrison,1513,2023-05-10
2455,Fertilizantes Mayafer,Dominic Johnson,1514,2014-07-13
1279,Repuestos Acquoni,William Thomas,1515,2010-07-01
3129,Supermercados Fahsen,Kendra Jones,1516,2016-01-23
1032,Antillon,Debra Andersen,1517,2019-07-19
1214,Farmacias R&R,Fred Williams,1518,2019-06-22
2198,Repuestos Aioli,Justin Rodriguez,1519,2011-09-14
3407,Muebles El Roble,Felicia Sandoval,1520,2014-09-18
288,FIHCA S.A,Joshua Mullins,1521,2022-08-14
3382,Repuestos Aioli,Kim Rodriguez,1522,2019-12-10
1262,Supermercados Fahsen,Angela Wood,1523,2019-02-05
3288,Salsas Don Justo,Brianna Merritt,1524,2014-08-06
948,Repuestos Acquoni,Christy Walker,1525,2017-11-12
1254,Q&A,Emma Harris,1526,2020-02-26
1198,Supermercados Fahsen,Kristi Williams,1527,2017-12-18
52,Lavanderï¿½as Lara,Andres Proctor,1528,2023-02-01
3212,EPA,Melissa Gonzales,1529,2015-12-01
1842,FIHCA S.A,Larry Charles,1530,2017-07-17
3449,Lavanderï¿½as Lara,Joshua Newton,1531,2018-04-19
2238,Farmacias R&R,Jonathan Price,1532,2023-09-26
2745,Antillon,Timothy Bush,1533,2023-06-20
3357,Supermercados Fahsen,Patrick Alvarez,1534,2011-03-18
2843,Repuestos Acquoni,Mrs. Jamie Riley DDS,1535,2020-09-26
1328,FIHCA S.A,Savannah Bryan,1536,2017-10-08
2645,EPA,Erin Allen,1537,2011-05-02
3464,Farmacias R&R,Jack Smith,1538,2021-06-22
2889,Kinotipedia,Derek Fry,1539,2013-05-27
3310,Repuestos Acquoni,Jason Franklin,1540,2010-05-24
1136,Kinotipedia,Mrs. Susan Carr,1541,2020-10-14
1647,Farmacias R&R,Heidi Morris,1542,2023-02-07
2423,Cemaco,Rachel Brown,1543,2010-06-11
2868,Cemaco,Joseph Ortiz,1544,2011-04-07
2612,Repuestos Acquoni,Alison Thornton,1545,2011-09-22
1230,Muebles El Roble,Paula Cox,1546,2017-09-24
1648,Q&A,Matthew Rodriguez,1547,2011-02-24
2076,Muebles El Roble,Christine Williams,1548,2012-11-29
1866,Productos Toledo,Charles Martin,1549,2021-11-29
1984,Productos Toledo,Monica Fisher,1550,2014-10-11
59,Fertilizantes Mayafer,James James,1551,2016-08-21
2127,HH,Rebecca May,1552,2016-03-25
932,FIHCA S.A,Bryan Harris,1553,2011-12-19
3343,Muebles El Roble,Patricia Robertson,1554,2012-11-22
3390,Kinotipedia,Janice Estrada,1555,2018-06-23
776,Ferreterï¿½as Coronado,Mrs. Susan Carr,1556,2022-01-03
1958,EPA,David Ruiz,1557,2016-09-16
1952,Ferreterï¿½as Coronado,Alexis Mitchell,1558,2019-02-14
309,Muebles El Roble,Paul Johnston,1559,2012-10-07
1884,Kinotipedia,Teresa Berger,1560,2019-06-29
1240,Fertilizantes Mayafer,Stephanie Barnett,1561,2010-12-07
3451,Kinotipedia,Theresa Davis,1562,2021-09-11
1667,Muebles El Roble,Yesenia Shaw,1563,2021-02-18
1852,Cemaco,Jonathan Lindsey,1564,2022-05-16
1469,EPA,Kendra Kirby,1565,2017-06-28
2581,FIHCA S.A,Bryan Harris,1566,2017-11-22
784,Q&A,Heather Jackson,1567,2017-11-02
622,Salsas Don Justo,Casey Brewer,1568,2015-10-17
1987,Kinotipedia,Michelle Scott,1569,2021-03-05
17,Farmacias Andoni-Mazza,Wendy Young,1570,2017-07-23
3362,Repuestos Aioli,Mr. Nicholas Johnston,1571,2013-09-05
984,Socios S.A.,Nicholas Santiago Jr.,1572,2016-09-14
2940,Repuestos Acquoni,Ray Valdez,1573,2020-09-09
2866,Muebles El Roble,Molly Baker,1574,2010-06-11
1621,Farmacias R&R,Mark Dominguez,1575,2015-05-09
193,EPA,Briana Mann,1576,2019-09-10
2942,Cemaco,Chelsea Cook,1577,2020-02-19
258,Muebles El Roble,Andrea Wilson,1578,2018-12-28
1942,Repuestos Acquoni,Brett Johnson,1579,2022-04-05
200,Productos Toledo,Casey Casey,1580,2015-12-28
2313,Productos Toledo,Faith Chen,1581,2014-01-27
960,Kinotipedia,Adam Hicks,1582,2020-07-17
1728,HH,Perry Cordova,1583,2017-04-04
872,Kinotipedia,Matthew Rodriguez,1584,2019-07-21
1950,Productos Toledo,Ashley Freeman,1585,2016-05-25
2454,Distribuidora Mariscal,Christopher Lucas,1586,2013-11-13
2898,Fertilizantes Mayafer,Jordan Saunders,1587,2020-04-09
2208,EPA,Christopher Sullivan,1588,2017-08-12
2236,EPA,Isaac Simmons,1589,2010-07-01
1762,Repuestos Acquoni,Deborah Martin,1590,2016-11-05
550,EPA,John Reynolds,1591,2012-12-28
3454,Salsas Don Justo,Hayley Garcia,1592,2023-10-17
3297,Muebles El Roble,Kelli Berry,1593,2010-08-31
2879,Repuestos Acquoni,Grace Coleman,1594,2010-01-18
1376,Lavanderï¿½as Lara,Tony Knight,1595,2013-07-08
293,EPA,Jordan Nguyen,1596,2019-04-29
3220,EPA,Amy Logan,1597,2022-04-06
1928,Repuestos Acquoni,Angela Mitchell,1598,2021-06-22
749,Salsas Don Justo,Jessica Buck,1599,2010-09-29
2503,HH,Marc Taylor,1600,2012-11-07
2165,Q&A,Jennifer Rodriguez,1601,2019-02-02
3478,Kinotipedia,Angela Young,1602,2015-09-08
391,Salsas Don Justo,Stephanie Barnett,1603,2023-11-26
2910,Ferreterï¿½as Coronado,Hannah Wu,1604,2023-05-31
2883,Cemaco,John Garcia,1605,2022-10-21
115,Productos Toledo,Renee Bryant,1606,2021-10-12
313,Farmacias Andoni-Mazza,Chase Page,1607,2012-04-10
484,Supermercados Fahsen,Mr. Jason Osborne II,1608,2018-10-18
1666,Cemaco,Bradley Wallace,1609,2019-06-26
226,Muebles El Roble,Jacob Davis,1610,2011-06-08
2119,Distribuidora Mariscal,Bailey Green,1611,2019-06-08
2465,FIHCA S.A,Jeffrey Gomez,1612,2022-09-25
541,Productos Toledo,Henry Johnson,1613,2020-11-04
2309,Socios S.A.,Laura Smith,1614,2020-03-01
614,Farmacias Andoni-Mazza,Omar Jackson,1615,2019-10-29
1435,Distribuidora Mariscal,Heather Jackson,1616,2020-02-07
1869,Q&A,Megan Thomas,1617,2013-10-25
1602,Distribuidora Mariscal,Jason Vargas,1618,2018-07-18
3455,Supermercados Fahsen,Dana Ramos,1619,2010-02-28
3355,Cemaco,Emma Harris,1620,2023-03-20
2295,Salsas Don Justo,Kenneth Cruz,1621,2017-05-23
825,Socios S.A.,Taylor Humphrey,1622,2023-11-26
1501,HH,William Lawson,1623,2022-05-13
2771,Fertilizantes Mayafer,Molly Baker,1624,2023-03-20
46,Farmacias Andoni-Mazza,Sandra Johnson,1625,2022-08-09
431,Fertilizantes Mayafer,Susan Henry,1626,2010-06-14
1310,Repuestos Aioli,Patricia Walker,1627,2022-07-17
876,EPA,John Hill,1628,2019-01-17
2652,Q&A,Joshua Newton,1629,2022-06-30
2035,Productos Toledo,Renee Carroll,1630,2017-03-22
74,Farmacias R&R,James Cruz,1631,2010-02-26
3182,Ferreterï¿½as Coronado,Kevin Carrillo,1632,2019-06-17
1067,Productos Toledo,James Woods,1633,2017-02-06
1839,Repuestos Aioli,Christopher Sullivan,1634,2022-11-03
917,Lavanderï¿½as Lara,Melissa Medina,1635,2022-02-24
705,Salsas Don Justo,Dr. Michael Taylor,1636,2011-12-03
415,Distribuidora Mariscal,Brian Bentley,1637,2014-09-15
1931,Productos Toledo,Jason Bruce,1638,2014-01-28
2817,Socios S.A.,Stephen Fox,1639,2010-06-25
2014,Supermercados Fahsen,John Garcia,1640,2011-05-11
2980,Muebles El Roble,Karl Camacho,1641,2011-03-19
2772,Kinotipedia,Kayla Powell,1642,2010-09-24
1565,HH,Shelby Russell,1643,2018-06-12
3272,Antillon,Ashley King,1644,2014-07-16
1851,Ferreterï¿½as Coronado,Shelby Ramos,1645,2013-07-10
400,Productos Toledo,Colin Williams,1646,2015-09-14
202,EPA,Larry Charles,1647,2015-06-20
2494,Antillon,Anna Wright,1648,2018-06-19
2803,Salsas Don Justo,Crystal Erickson,1649,2017-12-26
1615,Repuestos Acquoni,Brittany Johnson,1650,2015-12-07
2780,Cemaco,Jennifer Boyd,1651,2017-12-15
127,Socios S.A.,Tara Mullen,1652,2015-02-22
3053,Kinotipedia,Mike Keith,1653,2018-05-29
173,Salsas Don Justo,Jennifer Rodriguez,1654,2017-07-08
1006,FIHCA S.A,Brian Harris,1655,2021-04-17
1033,Lavanderï¿½as Lara,Ariana Young,1656,2019-03-10
1514,Farmacias R&R,Sarah Castillo,1657,2014-11-12
1573,Farmacias Andoni-Mazza,Joshua Cervantes,1658,2020-03-04
366,Cemaco,Jack Smith,1659,2021-11-14
1111,Distribuidora Mariscal,Derrick Lopez,1660,2012-06-03
2805,Q&A,Suzanne Lawrence,1661,2012-03-23
948,Productos Toledo,Candace Gordon,1662,2016-09-12
2721,FIHCA S.A,Amanda Montoya,1663,2019-08-08
1232,Farmacias Andoni-Mazza,Laura Smith,1664,2011-07-06
2315,FIHCA S.A,Wayne Tate,1665,2017-03-07
135,HH,Bradley Nguyen,1666,2014-10-12
269,Distribuidora Mariscal,Abigail Shaffer,1667,2011-03-14
2101,Repuestos Aioli,Haley Hughes,1668,2020-01-15
1765,HH,Benjamin Bailey,1669,2022-03-19
2670,HH,Gregory Butler,1670,2017-04-21
1282,HH,Kathryn Adams,1671,2014-06-16
2799,Repuestos Acquoni,Jessica Buck,1672,2022-07-07
1580,HH,Christine Peterson,1673,2011-11-10
676,Repuestos Aioli,Brittany Ferguson,1674,2021-04-02
1040,Farmacias Andoni-Mazza,Dawn Lin,1675,2019-04-19
3204,Ferreterï¿½as Coronado,Christy Walker,1676,2018-03-13
565,Distribuidora Mariscal,Melinda Klein,1677,2020-09-04
2530,Salsas Don Justo,Jesse White,1678,2021-07-10
2842,Q&A,Kathryn Adams,1679,2016-10-20
508,Repuestos Aioli,Vanessa Brown,1680,2014-07-15
231,FIHCA S.A,Lisa Patterson,1681,2012-08-11
896,Farmacias Andoni-Mazza,Mr. Nicholas Johnston,1682,2021-01-19
628,FIHCA S.A,Donna Mason MD,1683,2017-12-08
13,FIHCA S.A,William Thomas,1684,2011-09-08
1002,FIHCA S.A,Sherry Lynch,1685,2016-06-14
2050,Supermercados Fahsen,Brian Bentley,1686,2019-03-26
2808,EPA,Michael Henry,1687,2023-12-04
1230,Kinotipedia,Jennifer Garner,1688,2012-12-25
2794,Q&A,Erin Pope,1689,2023-09-13
2542,Cemaco,Christopher Hughes,1690,2010-05-18
264,Kinotipedia,Benjamin Smith,1691,2016-08-13
1634,Repuestos Aioli,Ashley King,1692,2010-11-02
1179,Farmacias Andoni-Mazza,Dylan Carney,1693,2010-11-15
2941,FIHCA S.A,Monica Williams,1694,2014-09-27
2769,Fertilizantes Mayafer,Stephanie Fuentes,1695,2012-01-17
74,Farmacias Andoni-Mazza,Garrett Cox,1696,2012-01-07
824,HH,Vanessa Brown,1697,2022-07-25
1743,Farmacias R&R,Dr. Megan West,1698,2014-09-09
3202,FIHCA S.A,Taylor Humphrey,1699,2020-02-19
3256,Kinotipedia,Matthew Brown,1700,2019-07-21
737,Socios S.A.,Gregory Nguyen,1701,2014-01-24
990,Q&A,Thomas Davila,1702,2020-05-12
2501,Ferreterï¿½as Coronado,Jessica Jensen,1703,2023-05-16
2803,HH,Stephanie Bryant,1704,2020-01-19
3472,Repuestos Acquoni,Adam Anderson,1705,2023-10-16
314,Fertilizantes Mayafer,Cheryl Shannon,1706,2010-09-03
1792,Distribuidora Mariscal,William Griffith,1707,2019-01-09
400,FIHCA S.A,Shane Ayers MD,1708,2018-06-29
875,Ferreterï¿½as Coronado,Kayla Powell,1709,2021-04-04
3128,FIHCA S.A,Calvin Scott,1710,2017-09-13
769,FIHCA S.A,Timothy Boyd,1711,2011-12-19
945,Socios S.A.,Robert Porter,1712,2023-06-18
1488,Ferreterï¿½as Coronado,Angela Wood,1713,2021-02-03
62,Fertilizantes Mayafer,Loretta Butler,1714,2019-02-12
943,HH,Rachel Brown,1715,2019-07-18
846,Ferreterï¿½as Coronado,Paula Richardson,1716,2020-12-26
108,Lavanderï¿½as Lara,Robert Lee,1717,2015-09-25
3387,Kinotipedia,Dawn Lin,1718,2018-10-05
865,Productos Toledo,Christopher Mcdonald,1719,2023-12-02
896,Cemaco,Tyler Sanders,1720,2017-11-02
545,Repuestos Acquoni,Gregory Butler,1721,2018-04-29
3422,EPA,Johnny Rogers,1722,2021-01-06
270,Farmacias R&R,Elizabeth Black,1723,2019-01-10
699,Supermercados Fahsen,Rachel Powell,1724,2019-05-16
358,Antillon,Jose Carey,1725,2013-06-07
3156,Farmacias Andoni-Mazza,Ashley Shannon,1726,2015-04-13
2007,Productos Toledo,Christopher James,1727,2022-05-27
3282,Fertilizantes Mayafer,Colin Williams,1728,2019-03-16
2243,Q&A,Tyler Sanders,1729,2020-07-08
569,Q&A,Paula Cox,1730,2018-02-17
2709,Repuestos Aioli,Emily Daniel,1731,2012-03-21
2559,Ferreterï¿½as Coronado,Willie Juarez,1732,2019-11-29
2750,Lavanderï¿½as Lara,David Ruiz,1733,2019-05-20
2935,Lavanderï¿½as Lara,Melinda Lutz,1734,2016-04-20
2122,Socios S.A.,Renee Carroll,1735,2012-01-04
2116,Ferreterï¿½as Coronado,Christy Walker,1736,2013-02-07
1422,FIHCA S.A,Matthew Brown,1737,2019-07-31
98,Distribuidora Mariscal,Patricia Farmer,1738,2022-02-05
2397,Productos Toledo,Vanessa Brown,1739,2020-08-29
1182,HH,Kelly Villegas,1740,2019-01-07
2623,FIHCA S.A,Felicia Sandoval,1741,2018-10-17
2546,Farmacias R&R,Tara Mullen,1742,2021-05-14
2645,Cemaco,John Meyer,1743,2011-06-01
1177,HH,Dwayne Benson,1744,2022-06-26
1310,Repuestos Acquoni,Shannon Rasmussen,1745,2017-08-17
1404,Productos Toledo,Brittany Clark,1746,2016-04-21
1334,HH,Sharon Wilson,1747,2011-08-30
3183,Distribuidora Mariscal,Jacqueline Taylor,1748,2010-01-02
1815,Kinotipedia,Stacy Peters,1749,2019-07-01
3431,Ferreterï¿½as Coronado,Amber Wolfe,1750,2017-05-16
2234,Lavanderï¿½as Lara,Brian Mack,1751,2013-01-05
1767,EPA,Sean Davidson,1752,2013-09-01
582,Cemaco,Savannah Bryan,1753,2019-02-22
1001,Lavanderï¿½as Lara,Danielle Lutz,1754,2018-10-11
1409,Supermercados Fahsen,Jonathan Price,1755,2016-01-20
2315,Muebles El Roble,Gregory Ferguson,1756,2015-09-02
555,Kinotipedia,Crystal Erickson,1757,2014-03-07
3106,Cemaco,Megan Thomas,1758,2018-03-28
3471,Repuestos Acquoni,Jennifer Hodges,1759,2017-02-23
3138,Supermercados Fahsen,Luis Salazar,1760,2014-05-18
1611,Lavanderï¿½as Lara,Benjamin Smith,1761,2012-07-17
1350,Lavanderï¿½as Lara,Randy Andrews,1762,2019-07-26
1757,Distribuidora Mariscal,Thomas Powell III,1763,2018-03-29
423,Socios S.A.,Heather Ross,1764,2017-07-07
2087,Repuestos Aioli,Monica Fisher,1765,2021-02-03
1818,Cemaco,Jerry Harris,1766,2020-10-09
2924,Repuestos Acquoni,Stacy Hughes,1767,2010-07-13
1247,Fertilizantes Mayafer,Kristine Davis,1768,2022-04-07
372,Repuestos Aioli,Robert Smith,1769,2019-08-05
214,Repuestos Acquoni,Patricia Walker,1770,2018-04-24
2071,Socios S.A.,Keith White,1771,2018-10-01
463,Productos Toledo,Katherine Cunningham,1772,2015-11-09
1164,Farmacias R&R,Melissa Medina,1773,2013-01-11
926,Repuestos Acquoni,Alexander Macdonald,1774,2023-04-24
860,Farmacias R&R,Nancy Sanford,1775,2012-12-08
26,Repuestos Aioli,Marcia Wheeler,1776,2017-03-28
3412,Supermercados Fahsen,Max Montgomery,1777,2017-01-21
2032,Farmacias Andoni-Mazza,Heather Jackson,1778,2010-05-31
827,Distribuidora Mariscal,Heather Ross,1779,2014-11-11
686,EPA,Timothy Sullivan,1780,2018-03-26
894,Antillon,Ashley King,1781,2020-12-11
1760,Q&A,Mrs. Tammy Castillo,1782,2019-11-01
1766,HH,Mary Spencer,1783,2018-02-11
1418,Distribuidora Mariscal,Isaac Simmons,1784,2012-12-02
2938,HH,Brittany Johnson,1785,2013-11-10
3476,Muebles El Roble,Joseph Duncan,1786,2016-03-23
1599,Supermercados Fahsen,Lisa Stuart,1787,2023-11-06
1129,Kinotipedia,Erin White,1788,2018-05-15
1216,Fertilizantes Mayafer,Stephen Diaz,1789,2013-06-07
1996,Farmacias R&R,James Rodriguez,1790,2012-08-05
1486,Supermercados Fahsen,Angela Mitchell,1791,2021-11-21
2588,Repuestos Acquoni,Billy Costa,1792,2021-04-25
142,Ferreterï¿½as Coronado,Tiffany Gardner,1793,2019-03-18
1232,FIHCA S.A,Alexis Freeman,1794,2012-11-01
238,Ferreterï¿½as Coronado,Deborah Martin,1795,2013-08-05
964,Socios S.A.,David Ruiz,1796,2018-05-17
3034,Q&A,Karen Kirby,1797,2018-10-12
1413,Lavanderï¿½as Lara,Christine Hernandez,1798,2016-02-05
646,Repuestos Acquoni,Rachel Walker,1799,2021-11-30
43,Lavanderï¿½as Lara,Dennis Hall,1800,2013-01-17
3120,Productos Toledo,Tracy Bond,1801,2018-09-11
2726,Farmacias Andoni-Mazza,Kristin Rivera,1802,2017-03-07
1144,Fertilizantes Mayafer,Michael Thomas,1803,2016-01-25
2745,Supermercados Fahsen,Brandon Miller,1804,2011-06-13
1278,Muebles El Roble,Dana Ramos,1805,2017-09-11
1354,Fertilizantes Mayafer,Robert Villa,1806,2017-12-31
2851,Socios S.A.,Christine Williams,1807,2013-05-25
175,Muebles El Roble,Derrick Lopez,1808,2018-07-12
2557,Ferreterï¿½as Coronado,Mr. Nicholas Johnston,1809,2015-03-18
2201,Lavanderï¿½as Lara,Randy Sanchez,1810,2012-01-28
3383,Lavanderï¿½as Lara,Alexander Foster,1811,2023-11-05
3178,Repuestos Acquoni,Heather Ross,1812,2016-01-11
2630,Repuestos Aioli,David Lee,1813,2017-09-13
3175,Repuestos Aioli,Dana Wolfe,1814,2019-04-21
1706,EPA,Timothy James,1815,2012-12-26
644,Productos Toledo,Joshua Blake,1816,2017-05-30
1335,Ferreterï¿½as Coronado,Lisa Sanchez,1817,2018-04-28
1390,Ferreterï¿½as Coronado,Ashley Shannon,1818,2019-06-12
3461,Productos Toledo,Stacy Hughes,1819,2018-11-20
1239,Supermercados Fahsen,Timothy Sullivan,1820,2016-09-10
49,Farmacias R&R,Ricardo Wilson,1821,2020-02-21
2460,Farmacias R&R,Sara Wood,1822,2016-07-20
13,Supermercados Fahsen,Yesenia Shaw,1823,2011-05-27
2926,Farmacias R&R,Dorothy Rowland,1824,2013-10-24
2745,Repuestos Aioli,Steven Hurst,1825,2021-01-08
244,Farmacias R&R,Meghan Calderon,1826,2018-05-03
452,Muebles El Roble,Timothy Williams,1827,2021-10-23
168,Q&A,Alexander Hunter,1828,2011-03-30
3363,Distribuidora Mariscal,Lauren Martinez,1829,2021-04-29
2716,Repuestos Acquoni,Tara Mullen,1830,2021-12-16
445,Repuestos Aioli,Steven Patel,1831,2022-03-11
203,Antillon,Jamie Hernandez,1832,2010-02-09
2347,Repuestos Aioli,Joseph Duncan,1833,2023-08-31
1647,EPA,Kevin Carrillo,1834,2023-08-20
1768,HH,William Sheppard,1835,2015-02-14
2962,Q&A,Kurt Blair,1836,2023-02-24
1694,Muebles El Roble,Nathan Clayton,1837,2017-07-14
2784,Distribuidora Mariscal,Jamie Boyer,1838,2010-11-25
2713,Socios S.A.,Kim Orozco,1839,2020-02-04
2362,Fertilizantes Mayafer,Timothy James,1840,2016-08-24
2998,Repuestos Aioli,Bradley Wallace,1841,2010-10-18
2597,Farmacias Andoni-Mazza,Frederick Wood,1842,2011-08-29
1046,Supermercados Fahsen,Stacy Brown,1843,2022-11-04
1140,Kinotipedia,Stephanie Fuentes,1844,2023-07-07
1165,EPA,Eileen Ramos,1845,2018-07-31
2085,Supermercados Fahsen,Brenda Evans,1846,2023-03-16
208,Kinotipedia,Stephanie Morgan,1847,2018-08-11
774,Distribuidora Mariscal,Michele Mitchell,1848,2014-06-14
1699,HH,Shelby Ramos,1849,2014-12-17
1220,Supermercados Fahsen,Darius Gray,1850,2023-09-02
3273,Antillon,Casey Franklin,1851,2019-06-04
1517,Distribuidora Mariscal,Tyler Gardner,1852,2015-12-14
1600,Fertilizantes Mayafer,Daniel Hendricks,1853,2016-02-23
2993,Repuestos Acquoni,Daisy Peterson,1854,2011-09-05
1665,Q&A,Richard Sanchez,1855,2019-03-18
620,Socios S.A.,Gerald Nicholson,1856,2021-03-14
1774,EPA,Kathleen Flores,1857,2011-04-02
2330,Ferreterï¿½as Coronado,Laurie Wallace,1858,2011-09-26
1320,Supermercados Fahsen,Kristen Mcfarland,1859,2023-02-10
2380,EPA,Isaac Simmons,1860,2019-03-20
2956,Q&A,Tara Meza,1861,2015-07-08
1551,Supermercados Fahsen,Tonya Williams,1862,2023-04-28
1464,EPA,Jesse Hardin,1863,2023-08-21
2884,Farmacias R&R,Mark Dominguez,1864,2017-12-18
1555,Farmacias R&R,Nicholas Richards,1865,2023-11-05
2149,Farmacias Andoni-Mazza,Dwayne Benson,1866,2021-02-03
1002,Socios S.A.,Haley Hughes,1867,2017-06-17
2851,Productos Toledo,Paul Johnston,1868,2010-03-30
2437,HH,David Sloan,1869,2014-07-27
2538,EPA,David Sloan,1870,2018-11-15
1227,Supermercados Fahsen,Steven Stephens,1871,2010-12-24
1094,Supermercados Fahsen,Robert Villa,1872,2014-08-02
976,Supermercados Fahsen,Bradley Wallace,1873,2020-05-09
1470,Fertilizantes Mayafer,April Hale,1874,2012-10-30
679,Farmacias R&R,Jennifer Duran,1875,2018-02-18
2134,Q&A,Jennifer Duran,1876,2021-05-28
2765,Socios S.A.,Matthew Brown,1877,2023-06-24
1883,Supermercados Fahsen,Jordan Saunders,1878,2012-04-06
569,Q&A,William Delgado,1879,2014-11-28
390,Farmacias R&R,Brittany Johnson,1880,2018-09-27
3306,HH,Jerry Short,1881,2023-01-15
2001,Lavanderï¿½as Lara,Alexander Rodriguez,1882,2018-03-03
379,Lavanderï¿½as Lara,Tara Mullen,1883,2017-04-29
1640,HH,James Owens,1884,2018-07-25
2190,Ferreterï¿½as Coronado,Stacy Peters,1885,2015-10-19
2834,Socios S.A.,Elizabeth Ramirez,1886,2012-01-20
2600,Socios S.A.,Chase Smith,1887,2017-04-08
2254,Q&A,Marcus Arellano,1888,2021-06-10
244,HH,Victor Morrison,1889,2016-10-30
789,Muebles El Roble,Brianna Merritt,1890,2010-07-25
2898,HH,Debra Andersen,1891,2022-05-26
654,Farmacias Andoni-Mazza,David Vazquez,1892,2022-10-23
2506,Productos Toledo,Thomas Powell III,1893,2017-05-29
1913,Fertilizantes Mayafer,Adam Hicks,1894,2014-03-06
817,Salsas Don Justo,Jerry Harris,1895,2018-10-16
1424,Supermercados Fahsen,Henry King,1896,2010-02-15
3376,Lavanderï¿½as Lara,Jennifer Beck,1897,2015-02-07
1170,Productos Toledo,Monica Fisher,1898,2023-10-25
2780,Salsas Don Justo,Paul Zhang,1899,2017-01-02
2521,Repuestos Acquoni,Pamela Boyd,1900,2016-06-06
791,Muebles El Roble,Jerry Harris,1901,2011-09-26
3146,Supermercados Fahsen,Susan Garcia,1902,2018-11-11
2069,Socios S.A.,Sean Clark III,1903,2013-07-31
1716,Repuestos Acquoni,Shelby Russell,1904,2017-05-28
22,Fertilizantes Mayafer,Andrew Ball,1905,2022-05-30
535,Supermercados Fahsen,James Quinn,1906,2010-01-05
333,Productos Toledo,Calvin Scott,1907,2020-10-17
979,Repuestos Acquoni,John Reynolds,1908,2022-03-18
1027,Fertilizantes Mayafer,Mark Lutz,1909,2018-07-18
1247,Q&A,Marco Palmer,1910,2010-04-10
3194,Productos Toledo,Justin Rodriguez,1911,2021-07-03
2600,Kinotipedia,Molly Baker,1912,2018-08-21
1610,Fertilizantes Mayafer,Jerry Short,1913,2023-08-03
746,Cemaco,John Garcia,1914,2021-08-22
2496,Q&A,Marcus May,1915,2012-10-14
503,Repuestos Aioli,Kendra Jones,1916,2010-04-14
1048,Muebles El Roble,Michael Robles,1917,2020-06-09
2117,Salsas Don Justo,Brett Johnson,1918,2017-02-11
1359,Lavanderï¿½as Lara,Kristi Watson,1919,2015-02-06
1079,Kinotipedia,Tony Farley,1920,2023-10-04
3352,Repuestos Acquoni,Debra Chung,1921,2019-10-15
2862,EPA,Karen Ramirez,1922,2014-12-05
805,Muebles El Roble,Jordan Saunders,1923,2014-02-24
818,Farmacias Andoni-Mazza,Kelly Marshall,1924,2022-07-27
957,Productos Toledo,Sarah Wilkerson,1925,2012-10-16
3230,FIHCA S.A,Theresa Davis,1926,2018-04-05
1455,HH,Nancy Mccoy,1927,2020-03-14
274,Kinotipedia,Andrea Gilbert,1928,2021-09-05
2990,Repuestos Aioli,Gregory Hill,1929,2012-01-02
716,Productos Toledo,Heather Jackson,1930,2023-04-11
1471,Farmacias R&R,Shannon Rasmussen,1931,2022-05-23
3344,Socios S.A.,Tara Mullen,1932,2015-07-06
1958,Distribuidora Mariscal,Jessica Buck,1933,2023-07-07
1039,Q&A,Judy Martin,1934,2011-02-24
2188,FIHCA S.A,Christopher Sullivan,1935,2018-10-31
3153,HH,Lauren Martinez,1936,2010-05-14
2370,Salsas Don Justo,Kelly Marshall,1937,2019-04-09
2261,EPA,Nicholas Richards,1938,2017-09-04
2505,Distribuidora Mariscal,Kevin Carrillo,1939,2018-02-14
3120,Supermercados Fahsen,Theresa Davis,1940,2021-01-13
243,Repuestos Acquoni,Tracy Rivera,1941,2018-08-15
2283,Repuestos Acquoni,Andrea Gilbert,1942,2016-11-28
2471,Farmacias Andoni-Mazza,Angela Young,1943,2022-05-03
2216,Antillon,Melissa Gonzales,1944,2011-09-18
3183,Distribuidora Mariscal,Karen Mcclain,1945,2018-07-27
1411,Kinotipedia,Megan Cooper,1946,2011-02-14
1288,Muebles El Roble,Victor Martin,1947,2010-08-20
2049,Salsas Don Justo,Christopher Chen,1948,2021-07-18
2390,Farmacias R&R,Eric Adams,1949,2015-11-23
17,Ferreterï¿½as Coronado,Annette Smith,1950,2013-02-14
3295,Salsas Don Justo,Margaret Robinson,1951,2017-02-01
1290,Farmacias R&R,Dawn Lin,1952,2023-07-16
3293,Distribuidora Mariscal,Mark Gill,1953,2020-09-05
3040,Productos Toledo,Kristen Mcfarland,1954,2014-05-15
3261,Socios S.A.,Jill Brewer,1955,2011-01-21
104,Ferreterï¿½as Coronado,Ryan Greer,1956,2019-09-27
874,Productos Toledo,Dwayne Benson,1957,2014-06-07
1350,Ferreterï¿½as Coronado,Robert Meyer,1958,2011-09-06
1415,Q&A,Kim Hill,1959,2019-10-16
2193,Farmacias Andoni-Mazza,Robert Smith,1960,2011-09-17
3238,Farmacias R&R,Tracy Rivera,1961,2018-05-31
2111,Productos Toledo,Andrew Marshall,1962,2023-11-11
1916,Lavanderï¿½as Lara,Anna Ryan,1963,2011-07-24
349,Distribuidora Mariscal,Christy Walker,1964,2022-09-02
169,Repuestos Aioli,Timothy Rodriguez,1965,2014-05-28
1572,Distribuidora Mariscal,Joshua Woodard,1966,2011-12-17
3275,Repuestos Aioli,Andres Proctor,1967,2012-08-01
682,Muebles El Roble,Peggy Hernandez,1968,2013-10-20
1751,Productos Toledo,Wayne Tate,1969,2023-01-14
3260,Socios S.A.,Vanessa Mclean,1970,2016-07-02
157,Kinotipedia,Michael Bullock,1971,2013-02-25
1187,Salsas Don Justo,Jeffery Garcia DDS,1972,2012-06-07
2231,Q&A,Christopher Williams,1973,2020-08-25
237,Repuestos Acquoni,Elizabeth Garcia,1974,2017-02-05
3370,Antillon,Paul Sharp,1975,2019-10-13
3022,Cemaco,Robert Porter,1976,2014-02-20
2207,EPA,Alexis Mitchell,1977,2023-09-10
2207,FIHCA S.A,Larry Charles,1978,2012-12-08
989,Q&A,Hannah Herrera,1979,2013-05-06
2124,Farmacias Andoni-Mazza,Michael Hernandez,1980,2016-04-14
770,EPA,Kathleen Perez,1981,2014-03-15
461,Antillon,Nathan Clayton,1982,2022-02-14
1333,Repuestos Aioli,Bailey Green,1983,2012-03-24
1268,Cemaco,Kelly Villegas,1984,2012-11-10
1649,Salsas Don Justo,Mark Phillips,1985,2020-02-22
2119,Repuestos Acquoni,Jason Lopez,1986,2020-11-22
2050,Muebles El Roble,Michael Caldwell,1987,2023-11-19
1639,Muebles El Roble,Jennifer Hodges,1988,2016-04-20
1368,Q&A,Susan Henry,1989,2021-01-16
104,Distribuidora Mariscal,Gerald Nicholson,1990,2023-01-23
2816,Ferreterï¿½as Coronado,Timothy Williams,1991,2018-04-02
1123,Farmacias R&R,Jessica Flores,1992,2017-02-14
242,Repuestos Aioli,Dwayne Benson,1993,2011-06-30
1490,Fertilizantes Mayafer,Timothy Bush,1994,2010-12-27
1220,Salsas Don Justo,Andrew Ball,1995,2022-08-20
973,Socios S.A.,James Rodriguez,1996,2022-02-17
3349,Muebles El Roble,Tyler Wise,1997,2015-08-20
3261,FIHCA S.A,John Hill,1998,2021-02-03
1364,Q&A,Lisa Stuart,1999,2012-01-10
1203,Q&A,Susan Henry,2000,2015-01-02
